Genotype,Range,Plate,Amount_Consumed,Total_Consumed,Con_Ratio,Latitude,Longitude,Population,Pair
ChilePI368950,Invasive,1,-4.4042208,1.2241773,-3.597698471,-31.61,-71.53,MP-PI368950,83
AustraliaW65527,Invasive,4,-8.19700709,2.46510813,-3.325211982,-35.3,149.1333333,MP-W65527,58
Rivercrest_11,Invasive,3,-10.95905651,6.08188698,-1.801917159,27.98948333,-82.4658,Florida2,50
GILNS4_1,Native,3,-6.16464946,5.0632261,-1.217533908,37.708491,-8.099286,Portugal2,58
CMS12_4,Native,4,-6.06627022,7.24503462,-0.837300377,38.7,-9.1833,Portugal1,30
AustraliaW65527,Invasive,2,-4.21038943,16.18246266,-0.260182243,-35.3,149.1333333,MP-W65527,59
NM58_13,Invasive,3,-1.73229183,9.88863129,-0.175180142,34.2238,-118.0616,California2,9
TurkmenistanW62449,Native,4,-2.63846046,18.63834345,-0.141560889,37.444722,54.230556,MP-W624449,55
GILNS4_1,Native,4,-0.68817262,5.74665538,-0.119751851,37.708491,-8.099286,Portugal2,4
TurkmenistanW62449,Native,1,-0.92988726,10.38863129,-0.089510084,37.444722,54.230556,MP-W624449,73
GILNS11_4,Native,4,-0.51812568,17.68329961,-0.029300283,37.708491,-8.099286,Portugal2,51
Rivercrest_11,Invasive,5,-0.70155496,29.08110317,-0.024124083,27.98948333,-82.4658,Florida2,50
ChilePI368959,Invasive,1,-0.04379214,5.47739225,-0.007995071,-31.625556,-71.524167,MP-PI368959,36
BrazilPI404356,Invasive,4,-0.08953211,21.84263005,-0.004098962,-29.35,-49.733333,MP-PI404356,39
AustraliaW65527,Invasive,5,0.02358896,26.49720449,0.000890243,-35.3,149.1333333,MP-W65527,53
NM58_13,Invasive,1,0.27518315,20.11189318,0.013682608,34.2238,-118.0616,California2,9
GILNS11_4,Native,1,0.4588737,14.08674926,0.032574847,37.708491,-8.099286,Portugal2,51
GILNS11_4,Native,3,1.32332769,23.98492037,0.05517332,37.708491,-8.099286,Portugal2,65
IranPI227025,Native,3,1.71020662,28.18837002,0.060670646,32.63,48.26,MP-PI227025,44
GILNS11_4,Native,4,1.47225604,22.01994384,0.066860118,37.708491,-8.099286,Portugal2,65
GreeceW65319,Native,4,1.87758772,23.81241572,0.078849107,39.06666667,21.98333333,MP-W65319,26
GILNS11_4,Native,3,1.79604047,20.70279744,0.086753516,37.708491,-8.099286,Portugal2,51
GILNS4_1,Native,5,1.57654264,15.42527552,0.102205153,37.708491,-8.099286,Portugal2,58
GILNS11_4,Native,2,2.7000658,23.61273013,0.114347887,37.708491,-8.099286,Portugal2,65
St.Augustine_11,Invasive,2,3.60727951,31.15737188,0.115776116,31.61666667,65.71666667,Florida1,5
Rivercrest_11,Invasive,2,2.75003923,22.88188698,0.12018411,27.98948333,-82.4658,Florida2,50
ChilePI368959,Invasive,5,2.06770817,17.12151146,0.120766684,-31.625556,-71.524167,MP-PI368959,37
CMNS5_2,Native,1,2.76770817,19.93625329,0.1388279,38.7,-9.1833,Portugal1,82
St.Augustine_3,Invasive,4,2.78375635,19.68570418,0.141410047,31.61666667,65.71666667,Florida1,1
GILNS11_4,Native,1,3.19311336,20.89453865,0.152820477,37.708491,-8.099286,Portugal2,76
GILNS11_4,Native,5,2.33723257,15.21617978,0.153601798,37.708491,-8.099286,Portugal2,51
AustraliaPI197336,Invasive,4,6.80701824,42.2717993,0.161029773,-34.53333333,138.7333333,PI197336,44
GILNS10_6,Native,2,4.88908803,30.26458559,0.161544853,37.708491,-8.099286,Portugal2,13
BrazilPI404356,Invasive,4,4.83001886,29.39401611,0.1643198,-29.35,-49.733333,MP-PI404356,40
Rivercrest_1,Invasive,2,3.15328075,19.18732494,0.164341864,27.98948333,-82.4658,Florida2,63
GILNS4_1,Native,1,2.36556487,14.17446514,0.16688918,37.708491,-8.099286,Portugal2,58
GILNS4_1,Native,3,5.81611398,33.59615941,0.173118418,37.708491,-8.099286,Portugal2,78
UzbekistanW68297,Native,1,4.8979225,27.2782292,0.179554269,40.066667,68.416667,MP-W68297,72
ChilePI368959,Invasive,2,6.91104357,37.70577769,0.183288716,-31.625556,-71.524167,MP-PI368959,37
ChilePI368939,Invasive,3,7.85380329,42.65522858,0.184122874,-31.9,-71.5,MP-PI368939,49
AlgeriaW65435,Native,2,5.81877982,30.47901301,0.190911032,35.7,2.6,MP-W65435,66
AustraliaW65527,Invasive,1,3.21208865,16.82125019,0.190954216,-35.3,149.1333333,MP-W65527,56
GILNS11_4,Native,5,1.98375635,10.29265662,0.192735114,37.708491,-8.099286,Portugal2,65
NM58_13,Invasive,2,7.56478106,39.16568381,0.193148193,34.2238,-118.0616,California2,10
AustraliaW65527,Invasive,5,7.7043524,38.94027862,0.197850469,-35.3,149.1333333,MP-W65527,52
TurkmenistanW62449,Native,3,3.60461367,18.08303834,0.199336727,37.444722,54.230556,MP-W624449,2
AustraliaW65527,Invasive,5,3.26985147,16.25627366,0.201143973,-35.3,149.1333333,MP-W65527,59
HungaryW65565,Native,3,7.05808989,34.97770666,0.201788241,47.333333,19.883333,MP-W65565,5
ChilePI368940,Invasive,2,9.64632831,47.74294446,0.202047201,-31.7,-71.56,MP-PI368940,71
CMS12_4,Native,2,7.12118439,34.59908652,0.205820012,38.7,-9.1833,Portugal1,57
GILNS4_1,Native,3,5.64418501,27.37770666,0.206159891,37.708491,-8.099286,Portugal2,81
GILNS10_6,Native,2,3.9979225,19.1327505,0.208957018,37.708491,-8.099286,Portugal2,36
AustraliaW65527,Invasive,2,7.09551793,33.76725143,0.21013016,-35.3,149.1333333,MP-W65527,55
AustraliaW65527,Invasive,4,8.06023319,37.98199326,0.212211959,-35.3,149.1333333,MP-W65527,52
IranPI227025,Native,1,4.93723257,21.77686971,0.226719112,32.63,48.26,MP-PI227025,44
CMS12_4,Native,3,7.2305414,31.82072765,0.227227406,38.7,-9.1833,Portugal1,30
CMNS5_2,Native,3,4.82306642,21.12689628,0.228290344,38.7,-9.1833,Portugal1,82
CMNS5_2,Native,1,7.15087618,31.22851704,0.228985455,38.7,-9.1833,Portugal1,80
HungaryW65565,Native,4,2.1022091,9.15763315,0.229558126,47.333333,19.883333,MP-W65565,74
AustraliaW65527,Invasive,1,9.08161305,39.24320573,0.231418736,-35.3,149.1333333,MP-W65527,52
AustraliaPI197336,Invasive,5,5.02761429,21.51994384,0.233625809,-34.53333333,138.7333333,PI197336,48
Mt.Wilson_4,Invasive,2,5.93937587,25.33573075,0.234426863,34.2238,-118.0616,California1,19
AustraliaPI197336,Invasive,2,6.41637525,27.31780054,0.234878911,-34.53333333,138.7333333,PI197336,48
HungaryW65565,Native,3,5.3000658,22.51753927,0.235375,47.333333,19.883333,MP-W65565,74
GILNS4_1,Native,4,8.52761429,35.99349357,0.236920994,37.708491,-8.099286,Portugal2,78
ChilePI368939,Invasive,5,8.07492188,33.92956212,0.237990748,-31.9,-71.5,MP-PI368939,49
GILNS11_4,Native,1,6.82865937,28.27043981,0.241547688,37.708491,-8.099286,Portugal2,38
GreeceW65319,Native,1,8.45192126,34.8391804,0.242598166,39.06666667,21.98333333,MP-W65319,46
AustraliaW65527,Invasive,1,6.24282552,25.63755964,0.243503111,-35.3,149.1333333,MP-W65527,53
GreeceW65319,Native,3,9.52358896,38.63865786,0.246478255,39.06666667,21.98333333,MP-W65319,46
St.Augustine_3,Invasive,5,4.97920848,20.15308528,0.24706929,31.61666667,65.71666667,Florida1,4
St.Augustine_3,Invasive,5,6.71851855,27.14398954,0.247514041,31.61666667,65.71666667,Florida1,1
GILNS11_4,Native,1,2.73080267,11.02658187,0.247656318,37.708491,-8.099286,Portugal2,35
TurkmenistanW62449,Native,1,6.17492188,24.82287095,0.248759376,37.444722,54.230556,MP-W624449,27
ChilePI368940,Invasive,1,4.37439934,17.54801487,0.249281721,-31.7,-71.56,MP-PI368940,71
GILNS11_4,Native,5,6.13775511,24.61591851,0.249340893,37.708491,-8.099286,Portugal2,35
NM58_13,Invasive,1,7.31156611,29.09882525,0.251266711,34.2238,-118.0616,California2,11
Starlight,Invasive,2,6.55113745,25.72208714,0.254689187,33.3833,-118.4167,California3,76
Rivercrest_1,Invasive,1,6.59259082,25.30765972,0.260497845,27.98948333,-82.4658,Florida2,63
St.Augustine_11,Invasive,1,5.98375635,22.96218102,0.260591812,31.61666667,65.71666667,Florida1,5
ChilePI368940,Invasive,5,9.34847161,35.67958869,0.262011754,-31.7,-71.56,MP-PI368940,68
GILNS1_2,Native,2,9.24873288,35.23787405,0.262465689,37.708491,-8.099286,Portugal2,79
GILNS11_4,Native,3,8.55301948,32.43787405,0.263673861,37.708491,-8.099286,Portugal2,76
AustraliaPI197336,Invasive,5,9.10273164,34.30682277,0.265332984,-34.53333333,138.7333333,PI197336,45
GILNS11_4,Native,2,5.73989841,21.22982339,0.270369579,37.708491,-8.099286,Portugal2,9
AustraliaPI197336,Invasive,2,6.64178044,24.52449171,0.270822348,-34.53333333,138.7333333,PI197336,47
St.Augustine_14,Invasive,3,8.73535054,32.15627366,0.271653073,31.61666667,65.71666667,Florida1,26
ChilePI368940,Invasive,1,6.6326847,24.41325267,0.271683777,-31.7,-71.56,MP-PI368940,69
GILNS4_1,Native,2,5.61904109,20.52098892,0.273819216,37.708491,-8.099286,Portugal2,58
St.Augustine_14,Invasive,5,8.25782862,29.93546948,0.275854321,31.61666667,65.71666667,Florida1,28
Rivercrest_1,Invasive,2,6.57439934,23.81539597,0.276056688,27.98948333,-82.4658,Florida2,62
AustraliaW65527,Invasive,4,4.34334806,15.73112974,0.276098928,-35.3,149.1333333,MP-W65527,59
Starlight,Invasive,2,8.86692436,31.73092161,0.279441123,33.3833,-118.4167,California3,34
CMS12_4,Native,1,6.88804295,24.59239535,0.28008833,38.7,-9.1833,Portugal1,57
ChilePI368940,Invasive,4,8.79259082,31.13761278,0.28237845,-31.7,-71.56,MP-PI368940,68
UzbekistanW68297,Native,5,5.72066185,20.16165848,0.283739647,40.066667,68.416667,MP-W68297,69
NM58_13,Invasive,5,9.2043524,32.43515507,0.283777043,34.2238,-118.0616,California2,10
AustraliaPI197336,Invasive,5,9.8914926,34.52710441,0.286484858,-34.53333333,138.7333333,PI197336,42
St.Augustine_14,Invasive,4,6.37894721,22.16139721,0.28784048,31.61666667,65.71666667,Florida1,24
CMNS4_8,Native,4,5.94204171,20.59051332,0.288581524,38.7,-9.1833,Portugal1,43
AlgeriaW65435,Native,3,7.63561181,26.40039287,0.289223416,35.7,2.6,MP-W65435,66
AustraliaPI197336,Invasive,3,9.3305414,32.25470604,0.289276901,-34.53333333,138.7333333,PI197336,48
AustraliaW65527,Invasive,2,8.32813683,28.78784748,0.289293489,-35.3,149.1333333,MP-W65527,53
GILNS4_1,Native,1,14.68056797,50.67666158,0.289690905,37.708491,-8.099286,Portugal2,78
ChilePI368939,Invasive,4,13.11585271,44.94508776,0.291819493,-31.9,-71.5,MP-PI368939,49
AlgeriaW65435,Native,1,8.92092312,30.56484686,0.291868733,35.7,2.6,MP-W65435,33
GILNS13_6,Native,5,10.2738768,35.13039907,0.292449761,37.708491,-8.099286,Portugal2,29
ChilePI368950,Invasive,1,7.234828,24.49720449,0.2953328,-31.61,-71.53,MP-PI368950,66
AustraliaW65527,Invasive,2,9.60675697,32.40551642,0.29645437,-35.3,149.1333333,MP-W65527,52
ChilePI368950,Invasive,5,13.08323381,43.84001735,0.29843131,-31.61,-71.53,MP-PI368950,83
St.Augustine_14,Invasive,2,10.09499539,33.67744539,0.299755379,31.61666667,65.71666667,Florida1,29
Mt.Wilson_4,Invasive,2,10.28778168,34.20018474,0.300810705,34.2238,-118.0616,California1,14
Rivercrest_1,Invasive,3,9.70137215,32.15622052,0.301695037,27.98948333,-82.4658,Florida2,62
ChilePI368940,Invasive,5,9.96718563,32.93520821,0.302630108,-31.7,-71.56,MP-PI368940,67
Rivercrest_1,Invasive,2,7.07413807,23.34534903,0.303021302,27.98948333,-82.4658,Florida2,64
GILNS1_2,Native,5,8.84418501,29.01058683,0.304860604,37.708491,-8.099286,Portugal2,3
ChilePI368940,Invasive,5,11.50247037,37.60389566,0.305885073,-31.7,-71.56,MP-PI368940,70
St.Augustine_14,Invasive,1,8.634828,28.15684934,0.306668828,31.61666667,65.71666667,Florida1,31
Mt.Wilson_2,Invasive,1,10.00194783,32.5889457,0.306912286,34.2238,-118.0616,California1,77
Rivercrest_1,Invasive,1,10.65516278,34.66301797,0.307392818,27.98948333,-82.4658,Florida2,64
ChilePI368959,Invasive,2,1.66289903,5.39824957,0.308044118,-31.625556,-71.524167,MP-PI368959,35
ChilePI368940,Invasive,2,10.14606704,32.62396917,0.311000387,-31.7,-71.56,MP-PI368940,84
UzbekistanW68297,Native,1,10.65646913,34.17686971,0.311803545,40.066667,68.416667,MP-W68297,45
GreeceW65319,Native,2,10.65594659,34.13463253,0.312174053,39.06666667,21.98333333,MP-W65319,46
BrazilPI404356,Invasive,3,6.84925542,21.92794136,0.31235287,-29.35,-49.733333,MP-PI404356,39
GILNS11_4,Native,5,5.0674469,16.21110937,0.312591001,37.708491,-8.099286,Portugal2,9
CMNS4_8,Native,3,11.43001886,36.24587157,0.315346779,38.7,-9.1833,Portugal1,43
Starlight,Invasive,4,8.93644876,28.03787405,0.318727759,33.3833,-118.4167,California3,32
ChilePI368950,Invasive,4,14.05275821,44.0584701,0.318957017,-31.61,-71.53,MP-PI368950,83
AlgeriaW65435,Native,5,7.99473412,25.03787405,0.319305629,35.7,2.6,MP-W65435,19
AustraliaW65527,Invasive,3,10.72118439,33.51377521,0.31990381,-35.3,149.1333333,MP-W65527,55
NM58_13,Invasive,4,8.19713869,25.61461216,0.320018068,34.2238,-118.0616,California2,12
TurkmenistanW62449,Native,3,9.81825728,30.65444477,0.320288211,37.444722,54.230556,MP-W624449,15
TurkmenistanW62449,Native,5,6.72092312,20.98329961,0.320298678,37.444722,54.230556,MP-W624449,73
St.Augustine_14,Invasive,1,9.72092312,30.22501425,0.321618479,31.61666667,65.71666667,Florida1,26
BrazilPI404356,Invasive,2,9.44658958,29.23813532,0.323091383,-29.35,-49.733333,MP-PI404356,41
Mt.Wilson_4,Invasive,1,8.58804295,26.44963563,0.324694187,34.2238,-118.0616,California1,18
St.Augustine_14,Invasive,5,11.98642219,36.91591851,0.324695218,31.61666667,65.71666667,Florida1,31
GreeceW65319,Native,5,10.90273164,33.57686971,0.324709591,39.06666667,21.98333333,MP-W65319,26
GILNS1_2,Native,3,11.14366247,34.03358745,0.32743132,37.708491,-8.099286,Portugal2,3
CMNS5_2,Native,5,10.68589965,32.60792099,0.327708708,38.7,-9.1833,Portugal1,82
Rivercrest_11,Invasive,1,7.11234992,21.69286475,0.327865868,27.98948333,-82.4658,Florida2,50
TurkmenistanW62449,Native,2,11.6326847,35.29668195,0.329568788,37.444722,54.230556,MP-W624449,27
CMS12_4,Native,4,10.6262548,32.21267699,0.329878042,38.7,-9.1833,Portugal1,37
GILNS4_1,Native,4,10.12280515,30.61006429,0.330701859,37.708491,-8.099286,Portugal2,18
GreeceW65319,Native,2,9.034828,27.22689628,0.331834665,39.06666667,21.98333333,MP-W65319,54
CMS12_4,Native,1,10.78082924,32.36087467,0.333143938,38.7,-9.1833,Portugal1,17
GILNS1_2,Native,4,12.6391146,37.63118288,0.335868119,37.708491,-8.099286,Portugal2,3
GILNS10_6,Native,2,12.22118439,36.37875174,0.335942928,37.708491,-8.099286,Portugal2,42
NM58_35,Invasive,5,12.69713869,37.77023168,0.336167879,34.2238,-118.0616,California2,21
St.Augustine_14,Invasive,4,11.35542405,33.77023168,0.336255438,31.61666667,65.71666667,Florida1,29
TurkmenistanW62449,Native,1,8.5717335,25.46354051,0.336627717,37.444722,54.230556,MP-W624449,34
AlgeriaW65435,Native,2,9.11182738,27.0675127,0.336633346,35.7,2.6,MP-W65435,8
CMNS4_8,Native,5,9.83963714,29.20201363,0.336950639,38.7,-9.1833,Portugal1,43
HungaryW65565,Native,2,6.64847161,19.72903958,0.336989116,47.333333,19.883333,MP-W65565,83
CMNS5_2,Native,2,9.91130484,29.31246886,0.338125897,38.7,-9.1833,Portugal1,82
AfghanistanPI250782,Native,3,13.16451979,38.90473261,0.338378364,31.61666667,65.71666667,MP-PI250782,25
GILNS1_2,Native,1,10.87654264,32.03839659,0.339484612,37.708491,-8.099286,Portugal2,79
GILNS4_1,Native,3,5.89285209,17.35282401,0.339590379,37.708491,-8.099286,Portugal2,4
IranPI227025,Native,5,10.09201514,29.49662881,0.342141307,32.63,48.26,MP-PI227025,44
IranPI227025,Native,4,10.47628137,30.46139721,0.343919923,32.63,48.26,MP-PI227025,61
NM58_12,Invasive,3,8.23937587,23.95230147,0.343990989,34.2238,-118.0616,California2,8
HungaryW65565,Native,3,11.38109051,33.0541835,0.34431619,47.333333,19.883333,MP-W65565,83
CMS12_4,Native,5,7.71130484,22.37796793,0.344593614,38.7,-9.1833,Portugal1,12
SpainW65390,Native,3,12.934828,37.47796793,0.345131519,28.15,-16.633333,MP-W65390,24
Mt.Wilson_4,Invasive,1,14.12494845,40.92104206,0.345175678,34.2238,-118.0616,California1,15
AustraliaPI197336,Invasive,1,11.11825728,32.19401611,0.345351672,-34.53333333,138.7333333,PI197336,47
Mt.Wilson_4,Invasive,5,9.62280515,27.82663501,0.345812749,34.2238,-118.0616,California1,13
PeruPI308523,Invasive,5,13.1064957,37.8520402,0.346255991,-11.25,-74.41,MP-PI308523,75
ChilePI368940,Invasive,3,5.62092312,16.23222796,0.346281677,-31.7,-71.56,MP-PI368940,68
St.Augustine_3,Invasive,1,7.16023319,20.56887219,0.34811015,31.61666667,65.71666667,Florida1,2
ChilePI368940,Invasive,3,13.71825728,39.36913346,0.348452101,-31.7,-71.56,MP-PI368940,71
PeruPI308523,Invasive,3,7.49044752,21.49427738,0.348485664,-11.25,-74.41,MP-PI308523,73
GILNS1_2,Native,5,12.25275821,35.15606553,0.348524729,37.708491,-8.099286,Portugal2,79
ChilePI368959,Invasive,3,7.7369713,22.10546328,0.350002676,-31.625556,-71.524167,MP-PI368959,37
Rivercrest_1,Invasive,2,10.49954326,29.97289752,0.350301243,27.98948333,-82.4658,Florida2,60
SpainW65390,Native,2,9.57037401,27.25094198,0.351194246,28.15,-16.633333,MP-W65390,24
GILNS10_6,Native,3,14.68082924,41.5606134,0.353238993,37.708491,-8.099286,Portugal2,23
CMS12_4,Native,5,11.83671003,33.46568381,0.353696942,38.7,-9.1833,Portugal1,17
St.Augustine_3,Invasive,5,4.41851855,12.4675127,0.354402571,31.61666667,65.71666667,Florida1,2
BrazilPI404356,Invasive,2,7.14151917,20.0782292,0.355684712,-29.35,-49.733333,MP-PI404356,40
AustraliaW65527,Invasive,3,11.09097006,31.12956212,0.356284165,-35.3,149.1333333,MP-W65527,53
NM58_13,Invasive,3,13.40382986,37.49297103,0.357502473,34.2238,-118.0616,California2,11
GILNS1_2,Native,3,12.45542405,34.74482649,0.358482839,37.708491,-8.099286,Portugal2,79
AustraliaW65527,Invasive,3,10.19980453,28.38570418,0.359328924,-35.3,149.1333333,MP-W65527,52
CMS12_4,Native,1,9.24151917,25.6825158,0.35983699,38.7,-9.1833,Portugal1,7
CMS12_4,Native,5,11.61397068,32.2675127,0.359927671,38.7,-9.1833,Portugal1,30
PeruPI308523,Invasive,1,10.49018625,29.12182587,0.360217326,-11.25,-74.41,MP-PI308523,75
Rivercrest_1,Invasive,1,12.94151917,35.85873137,0.360902873,27.98948333,-82.4658,Florida2,60
CMNS5_2,Native,4,11.45971065,31.73520821,0.361104001,38.7,-9.1833,Portugal1,82
PeruPI308523,Invasive,4,6.86451979,19.00792099,0.361139958,-11.25,-74.41,MP-PI308523,73
CMS12_4,Native,2,11.0717335,30.65684934,0.361150403,38.7,-9.1833,Portugal1,17
CMS12_4,Native,3,12.24444628,33.88784748,0.361322633,38.7,-9.1833,Portugal1,57
BrazilPI404356,Invasive,5,12.31208865,34.07258311,0.361348848,-29.35,-49.733333,MP-PI404356,39
ChilePI368950,Invasive,5,14.77680391,40.83651456,0.361852721,-31.7,-71.56,MP-PI368940,66
AfghanistanPI250782,Native,5,13.9760201,38.54885182,0.362553473,31.61666667,65.71666667,MP-PI250782,25
St.Augustine_3,Invasive,1,15.10168656,41.60739845,0.362956761,31.61666667,65.71666667,Florida1,1
PeruPI308523,Invasive,3,15.27842467,42.0520402,0.363321841,-11.25,-74.41,MP-PI308523,75
Rivercrest_1,Invasive,1,12.76425852,35.08387529,0.363821226,27.98948333,-82.4658,Florida2,61
St.Augustine_14,Invasive,2,16.17361553,44.43039907,0.364021388,31.61666667,65.71666667,Florida1,28
GILNS13_6,Native,2,18.85275821,51.77451828,0.364131987,37.708491,-8.099286,Portugal2,22
Mt.Wilson_4,Invasive,5,10.75087618,29.47315879,0.364768373,34.2238,-118.0616,California1,18
CMS12_4,Native,1,11.47654264,31.33118288,0.366297777,38.7,-9.1833,Portugal1,12
Starlight,Invasive,2,11.81637525,32.21377521,0.366811253,33.3833,-118.4167,California3,33
Mt.Wilson_4,Invasive,5,9.42547099,25.56887219,0.36863069,34.2238,-118.0616,California1,15
ChilePI368940,Invasive,4,13.20194783,35.81194632,0.368646477,-31.7,-71.56,MP-PI368940,84
CMS12_4,Native,4,9.47654264,25.70175236,0.368711927,38.7,-9.1833,Portugal1,71
Mt.Wilson_4,Invasive,1,13.29447285,35.87692285,0.370557779,34.2238,-118.0616,California1,14
ChilePI368959,Invasive,4,6.04951669,16.27336692,0.371743396,-31.625556,-71.524167,MP-PI368959,36
NM58_12,Invasive,5,12.7107823,34.17237498,0.371960752,34.2238,-118.0616,California2,6
UzbekistanW68297,Native,4,11.24230298,30.0979883,0.373523402,40.066667,68.416667,MP-W68297,45
GILNS10_6,Native,4,16.67121096,44.60447134,0.373756497,37.708491,-8.099286,Portugal2,23
GreeceW65319,Native,2,10.44658958,27.94613284,0.373811634,39.06666667,21.98333333,MP-W65319,26
Mt.Wilson_4,Invasive,4,11.32975759,30.24482649,0.374601507,34.2238,-118.0616,California1,20
AlgeriaW65435,Native,2,12.82040058,34.14723106,0.375444807,35.7,2.6,MP-W65435,31
AlgeriaW65435,Native,1,10.6369713,28.32877831,0.375482881,35.7,2.6,MP-W65435,8
CMS12_4,Native,3,8.90409113,23.70096855,0.375684695,38.7,-9.1833,Portugal1,7
ChilePI368940,Invasive,1,14.608639,38.84508776,0.376074295,-31.7,-71.56,MP-PI368940,67
MaltaW65375,Native,2,10.91370941,28.99427738,0.376409085,35.866667,14.366667,MP-W65375,77
NM58_13,Invasive,2,13.85275821,36.54670852,0.379042567,34.2238,-118.0616,California2,11
AustraliaW65527,Invasive,3,7.6695902,20.19851084,0.379710676,-35.3,149.1333333,MP-W65527,59
AustraliaW65527,Invasive,3,8.37706518,22.05334655,0.379854602,-35.3,149.1333333,MP-W65527,56
St.Augustine_14,Invasive,5,12.58297254,33.12130333,0.379905719,31.61666667,65.71666667,Florida1,23
AfghanistanPI250782,Native,4,11.93671003,31.36327924,0.380595088,31.61666667,65.71666667,MP-PI250782,25
GILNS4_1,Native,4,9.16049446,24.06218102,0.38070092,37.708491,-8.099286,Portugal2,81
St.Augustine_14,Invasive,1,17.33618749,45.52773323,0.380783014,31.61666667,65.71666667,Florida1,23
TurkmenistanW62449,Native,4,13.20382986,34.6258512,0.381328672,37.444722,54.230556,MP-W624449,15
HungaryW65565,Native,3,12.14366247,31.81220759,0.381729637,47.333333,19.883333,MP-W65565,16
NM58_12,Invasive,2,14.03163962,36.7279945,0.382042086,34.2238,-118.0616,California2,7
GILNS11_4,Native,2,7.8914926,20.56641448,0.383707749,37.708491,-8.099286,Portugal2,38
NM58_13,Invasive,3,10.77466061,28.0782292,0.383737184,34.2238,-118.0616,California2,10
BrazilPI404356,Invasive,1,11.14470755,29.00305871,0.384259731,-29.35,-49.733333,MP-PI404356,39
NM58_35,Invasive,1,6.97466061,18.14932122,0.384293193,34.2238,-118.0616,California2,22
Starlight,Invasive,3,13.3674469,34.74932122,0.384682245,33.3833,-118.4167,California3,33
TurkmenistanW62449,Native,5,8.51156611,21.93567761,0.388023851,37.444722,54.230556,MP-W624449,41
ChilePI368940,Invasive,2,13.0738768,33.47023168,0.39061208,-31.7,-71.56,MP-PI368940,68
St.Augustine_3,Invasive,2,13.62975759,34.86327924,0.390948812,31.61666667,65.71666667,Florida1,1
GILNS10_6,Native,3,14.5781634,37.26756584,0.391175626,37.708491,-8.099286,Portugal2,6
AlgeriaW65435,Native,3,12.42923505,31.72825577,0.391740256,35.7,2.6,MP-W65435,19
AustraliaW65527,Invasive,1,12.21423195,31.1760859,0.391782085,-35.3,149.1333333,MP-W65527,54
AustraliaPI197336,Invasive,3,14.02280515,35.7520402,0.392223914,-34.53333333,138.7333333,PI197336,47
PeruPI308523,Invasive,5,6.60194783,16.82260968,0.392444927,-11.25,-74.41,MP-PI308523,74
CMS12_4,Native,1,4.57251731,11.64665538,0.392603469,38.7,-9.1833,Portugal1,37
IranPI227025,Native,2,15.92683048,40.54404268,0.392827884,32.63,48.26,MP-PI227025,61
PeruPI308523,Invasive,3,15.34151917,39.0498969,0.392869646,-11.25,-74.41,MP-PI308523,72
St.Augustine_14,Invasive,5,14.17121096,35.99804144,0.393666166,31.61666667,65.71666667,Florida1,78
NM58_13,Invasive,1,12.39311336,31.41487343,0.394498274,34.2238,-118.0616,California2,10
Mt.Wilson_2,Invasive,1,10.45756735,26.50311185,0.394578848,34.2238,-118.0616,California1,81
ChilePI368959,Invasive,5,6.08856549,15.3567962,0.396473679,-31.625556,-71.524167,MP-PI368959,36
ChilePI368940,Invasive,4,16.76906766,42.23332618,0.397057707,-31.7,-71.56,MP-PI368940,67
HungaryW65565,Native,5,13.72066185,34.53092161,0.397344212,47.333333,19.883333,MP-W65565,5
ChilePI368959,Invasive,3,8.95913497,22.50117668,0.398162954,-31.625556,-71.524167,MP-PI368959,36
PeruPI308523,Invasive,4,13.77842467,34.60070728,0.398212226,-11.25,-74.41,MP-PI308523,72
GILNS13_6,Native,3,9.64658958,24.10065414,0.400262562,37.708491,-8.099286,Portugal2,22
Mt.Wilson_4,Invasive,1,14.22280515,35.49375484,0.400712892,34.2238,-118.0616,California1,20
AfghanistanPI250782,Native,2,10.99232955,27.42396917,0.40082927,31.61666667,65.71666667,MP-PI250782,25
Mt.Wilson_4,Invasive,3,11.13190089,27.72611247,0.401495193,34.2238,-118.0616,California1,20
IranPI227025,Native,2,9.98746727,24.83724523,0.402116546,32.63,48.26,MP-PI227025,44
GILNS10_6,Native,3,11.2064957,27.83332618,0.402628692,37.708491,-8.099286,Portugal2,21
IranPI227025,Native,1,14.98992498,37.16542254,0.403329868,32.63,48.26,MP-PI227025,68
AustraliaPI197336,Invasive,2,10.20968408,25.31001115,0.403385207,-34.53333333,138.7333333,PI197336,45
AustraliaW65527,Invasive,2,7.63937587,18.89960906,0.404208142,-35.3,149.1333333,MP-W65527,56
GILNS11_4,Native,1,9.32040058,23.0520402,0.404319986,37.708491,-8.099286,Portugal2,65
AustraliaW65527,Invasive,4,13.61585271,33.64106243,0.404739082,-35.3,149.1333333,MP-W65527,57
CMNS5_2,Native,4,19.42949632,47.9953756,0.404820174,38.7,-9.1833,Portugal1,80
BrazilPI404356,Invasive,1,11.35808989,28.02208714,0.405326335,-29.35,-49.733333,MP-PI404356,40
ChilePI368940,Invasive,5,8.1979225,20.00039287,0.409888073,-31.7,-71.56,MP-PI368940,71
ChilePI368940,Invasive,1,10.82573226,26.38460596,0.410304868,-31.7,-71.56,MP-PI368940,70
MaltaW65375,Native,4,13.15516278,32.02851704,0.410732809,35.866667,14.366667,MP-W65375,64
BrazilPI404356,Invasive,1,13.07439934,31.82663501,0.410800555,-29.35,-49.733333,MP-PI404356,41
NM58_35,Invasive,1,12.35730608,30.0584701,0.41110895,34.2238,-118.0616,California2,21
SpainW65390,Native,3,9.39123133,22.82658187,0.411416452,28.15,-16.633333,MP-W65390,67
AfghanistanPI250782,Native,4,13.10382986,31.83066034,0.411673202,31.61666667,65.71666667,MP-PI250782,60
GILNS1_2,Native,5,3.86023319,9.31832308,0.414262648,37.708491,-8.099286,Portugal2,47
AlgeriaW65435,Native,2,12.71344814,30.68920697,0.414264473,35.7,2.6,MP-W65435,75
GILNS11_4,Native,5,13.6760201,32.89563687,0.415739636,37.708491,-8.099286,Portugal2,76
NM58_12,Invasive,1,14.19206828,34.12104206,0.415933026,34.2238,-118.0616,California2,6
CMS12_4,Native,5,8.49713869,20.42423044,0.416032257,38.7,-9.1833,Portugal1,7
Mt.Wilson_4,Invasive,4,17.89180701,42.99992347,0.416089276,34.2238,-118.0616,California1,19
UzbekistanW68297,Native,4,9.00247037,21.61351394,0.416520442,40.066667,68.416667,MP-W68297,69
St.Augustine_14,Invasive,3,11.54366247,27.71246886,0.416551211,31.61666667,65.71666667,Florida1,28
SpainW65390,Native,2,12.55249694,29.98199326,0.418667859,28.15,-16.633333,MP-W65390,67
Mt.Wilson_4,Invasive,3,16.36666309,39.091089,0.418680152,34.2238,-118.0616,California1,13
GILNS1_2,Native,4,14.10168656,33.67718412,0.418731166,37.708491,-8.099286,Portugal2,79
AustraliaW65527,Invasive,4,9.54951669,22.75146452,0.419731955,-35.3,149.1333333,MP-W65527,56
Rivercrest_1,Invasive,5,12.72280515,30.14723106,0.422022345,27.98948333,-82.4658,Florida2,61
ChilePI368959,Invasive,3,9.3979225,22.24743919,0.422427158,-31.625556,-71.524167,MP-PI368959,35
Mt.Wilson_2,Invasive,3,16.36880639,38.71597165,0.422792085,34.2238,-118.0616,California1,77
GreeceW65319,Native,3,7.62787556,17.96484686,0.424600088,39.06666667,21.98333333,MP-W65319,70
ChilePI368940,Invasive,3,19.19928199,45.20499388,0.424715952,-31.7,-71.56,MP-PI368940,84
GreeceW65319,Native,4,15.50754078,36.51189318,0.424725738,39.06666667,21.98333333,MP-W65319,46
NM58_35,Invasive,4,14.36211522,33.66354051,0.426637098,34.2238,-118.0616,California2,21
ChilePI368940,Invasive,2,10.37654264,24.3108481,0.42682767,-31.7,-71.56,MP-PI368940,70
Mt.Wilson_4,Invasive,4,14.35516278,33.58439783,0.427435467,34.2238,-118.0616,California1,13
Starlight,Invasive,5,13.09206828,30.4541835,0.429893919,33.3833,-118.4167,California3,34
TurkmenistanW62449,Native,5,10.98563838,25.54080116,0.430121135,37.444722,54.230556,MP-W624449,27
UzbekistanW68297,Native,3,10.71234992,24.90196049,0.430180986,40.066667,68.416667,MP-W68297,45
BrazilPI404356,Invasive,4,10.71851855,24.89187281,0.430603138,-29.35,-49.733333,MP-PI404356,41
NM58_13,Invasive,4,9.43671003,21.89479992,0.431002341,34.2238,-118.0616,California2,9
CMNS4_8,Native,2,12.34873288,28.64801487,0.431050212,38.7,-9.1833,Portugal1,43
St.Augustine_11,Invasive,4,15.32709175,35.54242192,0.431233746,31.61666667,65.71666667,Florida1,5
CMNS5_2,Native,2,15.3760201,35.55125639,0.432502861,38.7,-9.1833,Portugal1,80
St.Augustine_14,Invasive,3,18.17575883,41.95606553,0.433209325,31.61666667,65.71666667,Florida1,29
NM58_35,Invasive,4,11.21234992,25.87017854,0.433408293,34.2238,-118.0616,California2,22
Mt.Wilson_4,Invasive,5,15.9129256,36.6953756,0.433649345,34.2238,-118.0616,California1,20
GILNS1_2,Native,2,16.58778168,38.24937436,0.433674588,37.708491,-8.099286,Portugal2,3
NM58_13,Invasive,4,15.69687742,36.12637374,0.434499115,34.2238,-118.0616,California2,10
SpainW65325,Native,5,19.34073536,44.43709024,0.435238564,36.533333,-6.3,MP-W65325,14
St.Augustine_3,Invasive,3,12.05061491,27.66458559,0.43559716,31.61666667,65.71666667,Florida1,1
Mt.Wilson_4,Invasive,2,15.89928199,36.47504082,0.435894837,34.2238,-118.0616,California1,20
Starlight,Invasive,3,15.18537711,34.77958869,0.436617501,33.3833,-118.4167,California3,34
ChilePI368959,Invasive,4,3.38856549,7.74477335,0.437529329,-31.625556,-71.524167,MP-PI368959,35
Mt.Wilson_4,Invasive,3,17.0760201,38.99615941,0.437889791,34.2238,-118.0616,California1,17
St.Augustine_14,Invasive,2,11.73216216,26.78732494,0.437974385,31.61666667,65.71666667,Florida1,23
Mt.Wilson_2,Invasive,2,15.24794907,34.80499388,0.438096588,34.2238,-118.0616,California1,81
HungaryW65565,Native,2,10.65782862,24.24801487,0.439534068,47.333333,19.883333,MP-W65565,16
HungaryW65565,Native,2,5.5022091,12.51110937,0.439785868,47.333333,19.883333,MP-W65565,74
AlgeriaW65435,Native,3,17.12761429,38.83573075,0.441027218,35.7,2.6,MP-W65435,31
ChilePI368940,Invasive,2,6.84204171,15.49506119,0.441562742,-31.7,-71.56,MP-PI368940,69
ChilePI368939,Invasive,1,22.39447285,50.66354051,0.442023448,-31.9,-71.5,MP-PI368939,49
CMS12_4,Native,4,15.76906766,35.6563268,0.442251602,38.7,-9.1833,Portugal1,17
BrazilPI404356,Invasive,3,11.14366247,25.12208714,0.443580281,-29.35,-49.733333,MP-PI404356,40
CMS12_4,Native,3,15.79447285,35.55392223,0.444239956,38.7,-9.1833,Portugal1,12
AlgeriaW65435,Native,5,13.98375635,31.43651456,0.444825279,35.7,2.6,MP-W65435,33
CMNS5_2,Native,3,21.62416464,48.59699636,0.44496916,38.7,-9.1833,Portugal1,80
Starlight,Invasive,4,12.34151917,27.69960906,0.445548496,33.3833,-118.4167,California3,33
UzbekistanW68297,Native,4,7.73639562,17.35810255,0.445693623,40.066667,68.416667,MP-W68297,50
TurkmenistanW62449,Native,4,13.84015968,30.98810875,0.446628085,37.444722,54.230556,MP-W624449,27
AustraliaPI197336,Invasive,1,11.07628137,24.7498969,0.447528384,-34.53333333,138.7333333,PI197336,43
BrazilPI404356,Invasive,2,9.50754078,21.222034,0.448003277,-29.35,-49.733333,MP-PI404356,39
GILNS1_2,Native,1,18.59661615,41.4301378,0.448866867,37.708491,-8.099286,Portugal2,3
GILNS10_6,Native,4,13.108639,29.19830271,0.448952089,37.708491,-8.099286,Portugal2,6
AustraliaPI197336,Invasive,4,10.77413807,23.99668195,0.448984493,-34.53333333,138.7333333,PI197336,48
ChilePI368939,Invasive,2,18.77549756,41.75177893,0.449693355,-31.9,-71.5,MP-PI368939,49
MaltaW65375,Native,4,13.23028013,29.42046638,0.449696479,35.866667,14.366667,MP-W65375,77
Mt.Wilson_2,Invasive,5,15.49902072,34.39297103,0.450645008,34.2238,-118.0616,California1,77
TurkmenistanW62449,Native,1,11.97894721,26.55068071,0.451172885,37.444722,54.230556,MP-W624449,55
NM58_13,Invasive,2,15.28992498,33.87263625,0.451394597,34.2238,-118.0616,California2,12
Rivercrest_1,Invasive,4,11.73644876,25.9868024,0.451631123,27.98948333,-82.4658,Florida2,62
NM58_13,Invasive,5,17.45516278,38.60739845,0.452119632,34.2238,-118.0616,California2,11
BrazilPI404356,Invasive,5,12.07973102,26.71508156,0.452168974,-29.35,-49.733333,MP-PI404356,38
AustraliaW65527,Invasive,4,8.52573226,18.78382215,0.453886977,-35.3,149.1333333,MP-W65527,54
AfghanistanPI250782,Native,1,14.41318687,31.70525515,0.454599302,31.61666667,65.71666667,MP-PI250782,25
AustraliaPI197336,Invasive,1,14.53216216,31.95899264,0.454712773,-34.53333333,138.7333333,PI197336,48
AustraliaW65527,Invasive,3,12.81130484,28.07342006,0.456349986,-35.3,149.1333333,MP-W65527,54
GreeceW65319,Native,4,10.64444628,23.28570418,0.457123658,39.06666667,21.98333333,MP-W65319,70
CMS12_4,Native,4,11.39473412,24.90577769,0.457513685,38.7,-9.1833,Portugal1,7
Starlight,Invasive,3,13.29687742,28.94749233,0.459344708,33.3833,-118.4167,California3,32
HungaryW65565,Native,4,16.25035364,35.37263625,0.459404652,47.333333,19.883333,MP-W65565,16
Rivercrest_1,Invasive,3,15.4760201,33.63761278,0.460080809,27.98948333,-82.4658,Florida2,64
St.Augustine_14,Invasive,1,14.6369713,31.76139721,0.460841543,31.61666667,65.71666667,Florida1,24
AfghanistanPI250782,Native,5,19.62683048,42.4953756,0.461858031,31.61666667,65.71666667,MP-PI250782,60
PeruPI308523,Invasive,2,12.56718563,27.08518164,0.463987497,-11.25,-74.41,MP-PI308523,73
NM58_13,Invasive,4,19.18245,41.30232804,0.464439922,34.2238,-118.0616,California2,11
Mt.Wilson_4,Invasive,1,15.76880639,33.93280364,0.464706853,34.2238,-118.0616,California1,13
UzbekistanW68297,Native,3,6.72787556,14.46939473,0.46497284,40.066667,68.416667,MP-W68297,69
GILNS11_4,Native,3,5.65594659,12.15867823,0.465177751,37.708491,-8.099286,Portugal2,38
NM58_12,Invasive,2,11.19473412,23.91246886,0.468154676,34.2238,-118.0616,California2,6
Rivercrest_1,Invasive,5,11.38323381,24.2825158,0.468783132,27.98948333,-82.4658,Florida2,64
AfghanistanPI250782,Native,3,17.54821034,37.41006429,0.469077257,31.61666667,65.71666667,MP-PI250782,60
NM58_12,Invasive,4,13.14178044,27.98570418,0.469589057,34.2238,-118.0616,California2,8
GILNS10_6,Native,3,14.21208865,30.26212788,0.469632826,37.708491,-8.099286,Portugal2,42
Rivercrest_1,Invasive,3,8.61104357,18.32449171,0.469919914,27.98948333,-82.4658,Florida2,63
GILNS13_6,Native,5,13.6631603,29.01377521,0.470919768,37.708491,-8.099286,Portugal2,56
AustraliaW65527,Invasive,5,9.37492188,19.90091541,0.471079932,-35.3,149.1333333,MP-W65527,55
Rivercrest_1,Invasive,3,17.5434012,37.18173199,0.47182851,27.98948333,-82.4658,Florida2,61
AlgeriaW65435,Native,4,8.93001886,18.92553679,0.471850229,35.7,2.6,MP-W65435,31
Mt.Wilson_4,Invasive,4,18.43618749,39.02104206,0.472467841,34.2238,-118.0616,California1,14
GILNS4_1,Native,5,15.75275821,33.33573075,0.472548759,37.708491,-8.099286,Portugal2,81
Starlight,Invasive,1,14.75756735,31.217278,0.47273716,33.3833,-118.4167,California3,32
AustraliaW65527,Invasive,1,11.33561181,23.97017854,0.472904772,-35.3,149.1333333,MP-W65527,59
GILNS11_4,Native,2,11.57654264,24.45172579,0.473444809,37.708491,-8.099286,Portugal2,51
ChilePI368950,Invasive,4,12.80890027,26.9803725,0.47474883,-31.7,-71.56,MP-PI368940,66
TurkmenistanW62449,Native,2,13.24418501,27.84587157,0.475624725,37.444722,54.230556,MP-W624449,2
HungaryW65565,Native,1,21.32656921,44.82078079,0.475818779,47.333333,19.883333,MP-W65565,28
GreeceW65319,Native,5,14.3022091,29.95041944,0.477529509,39.06666667,21.98333333,MP-W65319,46
NM58_35,Invasive,2,14.12949632,29.57744539,0.477711856,34.2238,-118.0616,California2,21
PeruPI308523,Invasive,1,10.39447285,21.74482649,0.478020501,-11.25,-74.41,MP-PI308523,74
HungaryW65565,Native,5,14.97361553,31.27263625,0.478808867,47.333333,19.883333,MP-W65565,16
TurkmenistanW62449,Native,4,9.20942281,19.21591851,0.479260089,37.444722,54.230556,MP-W624449,2
TurkmenistanW62449,Native,4,16.2803067,33.88627986,0.480439481,37.444722,54.230556,MP-W624449,34
GILNS10_6,Native,5,19.19180701,39.8975189,0.481027581,37.708491,-8.099286,Portugal2,84
Mt.Wilson_4,Invasive,3,14.12735302,29.3541835,0.481272219,34.2238,-118.0616,California1,18
ItalyW65256,Native,2,20.96854512,43.50421007,0.481988872,43.8,11.283333,MP-W65256,32
Starlight,Invasive,4,13.07147223,27.09882525,0.482363059,33.3833,-118.4167,California3,76
AustraliaW65527,Invasive,5,11.30968408,23.44529589,0.482386067,-35.3,149.1333333,MP-W65527,54
GILNS1_2,Native,4,19.39661615,40.20258931,0.482471813,37.708491,-8.099286,Portugal2,47
BrazilPI404356,Invasive,3,13.25756735,27.46834965,0.482648849,-29.35,-49.733333,MP-PI404356,41
AustraliaW65527,Invasive,4,15.78187432,32.65841696,0.48324064,-35.3,149.1333333,MP-W65527,53
ChilePI368940,Invasive,1,18.56399725,38.35554299,0.483997769,-31.7,-71.56,MP-PI368940,84
GILNS4_1,Native,2,18.10356859,37.39804144,0.484077986,37.708491,-8.099286,Portugal2,18
St.Augustine_14,Invasive,1,14.20727951,29.26667575,0.485442202,31.61666667,65.71666667,Florida1,30
St.Augustine_14,Invasive,1,17.70168656,36.44456522,0.4857154,31.61666667,65.71666667,Florida1,29
GILNS4_1,Native,2,6.55542405,13.43410999,0.487968615,37.708491,-8.099286,Portugal2,4
Mt.Wilson_4,Invasive,3,20.83859206,42.67451828,0.488314641,34.2238,-118.0616,California1,14
Rivercrest_1,Invasive,4,10.76666309,22.03332618,0.488653552,27.98948333,-82.4658,Florida2,63
HungaryW65565,Native,1,14.43190089,29.50765972,0.489089986,47.333333,19.883333,MP-W65565,16
Mt.Wilson_4,Invasive,2,20.90571189,42.7344244,0.489200736,34.2238,-118.0616,California1,15
CMS12_4,Native,5,18.32897378,37.45339969,0.489380775,38.7,-9.1833,Portugal1,62
Rivercrest_1,Invasive,1,15.45249694,31.57477955,0.48939366,27.98948333,-82.4658,Florida2,62
NM58_35,Invasive,5,14.90701824,30.37686971,0.490735826,34.2238,-118.0616,California2,22
St.Augustine_14,Invasive,3,20.45061491,41.58089504,0.491827193,31.61666667,65.71666667,Florida1,27
NM58_12,Invasive,5,16.3412579,33.18946824,0.492362751,34.2238,-118.0616,California2,8
St.Augustine_14,Invasive,4,19.01747347,38.5975189,0.49271233,31.61666667,65.71666667,Florida1,28
GILNS4_1,Native,1,16.03190089,32.53332618,0.492783947,37.708491,-8.099286,Portugal2,4
BrazilPI404356,Invasive,4,15.08239686,30.56908032,0.493387328,-29.35,-49.733333,MP-PI404356,38
PeruPI308523,Invasive,5,15.30597316,31.0215646,0.493397846,-11.25,-74.41,MP-PI308523,72
CMS12_4,Native,5,10.98375635,22.25334655,0.493577733,38.7,-9.1833,Portugal1,57
AustraliaPI197336,Invasive,1,15.91397068,32.18408342,0.494467109,-34.53333333,138.7333333,PI197336,42
UzbekistanW68297,Native,2,13.59954326,27.49213408,0.494670338,40.066667,68.416667,MP-W68297,72
SpainW65390,Native,5,13.19630174,26.64263005,0.495307772,28.15,-16.633333,MP-W65390,24
Rivercrest_1,Invasive,5,8.95997192,18.08492037,0.495438837,27.98948333,-82.4658,Florida2,63
PeruPI308523,Invasive,4,21.20571189,42.6606134,0.497079395,-11.25,-74.41,MP-PI308523,75
GILNS10_6,Native,4,8.28213559,16.65758001,0.497199208,37.708491,-8.099286,Portugal2,42
BrazilPI404356,Invasive,5,17.18778168,34.5520402,0.497446217,-29.35,-49.733333,MP-PI404356,40
GILNS4_1,Native,2,22.36614055,44.89725763,0.498162733,37.708491,-8.099286,Portugal2,78
AlgeriaW65435,Native,1,17.3476878,34.75820883,0.499096138,35.7,2.6,MP-W65435,19
CMS12_4,Native,2,14.54580577,29.14106243,0.499151526,38.7,-9.1833,Portugal1,30
CMNS5_2,Native,5,18.8129256,37.63520821,0.499875688,38.7,-9.1833,Portugal1,80
St.Augustine_14,Invasive,5,18.82228261,37.63520821,0.500124312,31.61666667,65.71666667,Florida1,80
St.Augustine_14,Invasive,2,14.59525666,29.14106243,0.500848474,31.61666667,65.71666667,Florida1,30
Mt.Wilson_4,Invasive,1,17.41052103,34.75820883,0.500903862,34.2238,-118.0616,California1,19
St.Augustine_14,Invasive,2,22.53111708,44.89725763,0.501837267,31.61666667,65.71666667,Florida1,78
AfghanistanPI250782,Native,5,17.36425852,34.5520402,0.502553783,31.61666667,65.71666667,MP-PI250782,40
AustraliaPI197336,Invasive,4,8.37544442,16.65758001,0.502800792,-34.53333333,138.7333333,PI197336,42
AlgeriaW65435,Native,4,21.45490151,42.6606134,0.502920605,35.7,2.6,MP-W65435,75
GILNS4_1,Native,5,9.12494845,18.08492037,0.504561163,37.708491,-8.099286,Portugal2,63
St.Augustine_14,Invasive,5,13.44632831,26.64263005,0.504692228,31.61666667,65.71666667,Florida1,24
PeruPI308523,Invasive,2,13.89259082,27.49213408,0.505329662,-11.25,-74.41,MP-PI308523,72
GILNS10_6,Native,1,16.27011274,32.18408342,0.505532891,37.708491,-8.099286,Portugal2,42
AustraliaW65527,Invasive,5,11.2695902,22.25334655,0.506422267,-35.3,149.1333333,MP-W65527,57
UzbekistanW68297,Native,5,15.71559144,31.0215646,0.506602154,40.066667,68.416667,MP-W68297,72
GILNS11_4,Native,4,15.48668346,30.56908032,0.506612672,37.708491,-8.099286,Portugal2,38
St.Augustine_3,Invasive,1,16.50142529,32.53332618,0.507216053,31.61666667,65.71666667,Florida1,4
HungaryW65565,Native,4,19.58004543,38.5975189,0.50728767,47.333333,19.883333,MP-W65565,28
AlgeriaW65435,Native,5,16.84821034,33.18946824,0.507637249,35.7,2.6,MP-W65435,8
TurkmenistanW62449,Native,3,21.13028013,41.58089504,0.508172807,37.444722,54.230556,MP-W624449,27
GILNS13_6,Native,5,15.46985147,30.37686971,0.509264174,37.708491,-8.099286,Portugal2,22
CMS12_4,Native,1,16.12228261,31.57477955,0.51060634,38.7,-9.1833,Portugal1,62
Rivercrest_1,Invasive,5,19.12442591,37.45339969,0.510619225,27.98948333,-82.4658,Florida2,62
TurkmenistanW62449,Native,2,21.82871251,42.7344244,0.510799264,37.444722,54.230556,MP-W624449,15
Mt.Wilson_4,Invasive,1,15.07575883,29.50765972,0.510910014,34.2238,-118.0616,California1,16
GILNS4_1,Native,4,11.26666309,22.03332618,0.511346448,37.708491,-8.099286,Portugal2,63
SpainW65325,Native,3,21.83592622,42.67451828,0.511685359,36.533333,-6.3,MP-W65325,14
St.Augustine_3,Invasive,2,6.87868594,13.43410999,0.512031385,31.61666667,65.71666667,Florida1,4
GILNS13_6,Native,1,18.74287866,36.44456522,0.5142846,37.708491,-8.099286,Portugal2,29
CMS12_4,Native,1,15.05939624,29.26667575,0.514557798,38.7,-9.1833,Portugal1,30
Mt.Wilson_4,Invasive,2,19.29447285,37.39804144,0.515922014,34.2238,-118.0616,California1,18
GILNS10_6,Native,1,19.79154574,38.35554299,0.516002231,37.708491,-8.099286,Portugal2,84
UzbekistanW68297,Native,4,16.87654264,32.65841696,0.51675936,40.066667,68.416667,MP-W68297,53
TurkmenistanW62449,Native,3,14.2107823,27.46834965,0.517351151,37.444722,54.230556,MP-W624449,41
AustraliaPI197336,Invasive,4,20.80597316,40.20258931,0.517528187,-34.53333333,138.7333333,PI197336,47
GreeceW65319,Native,5,12.13561181,23.44529589,0.517613933,39.06666667,21.98333333,MP-W65319,54
GILNS11_4,Native,4,14.02735302,27.09882525,0.517636941,37.708491,-8.099286,Portugal2,76
Starlight,Invasive,2,22.53566495,43.50421007,0.518011128,33.3833,-118.4167,California3,32
GILNS4_1,Native,3,15.22683048,29.3541835,0.518727781,37.708491,-8.099286,Portugal2,18
ChilePI368940,Invasive,5,20.70571189,39.8975189,0.518972419,-31.7,-71.56,MP-PI368940,84
Starlight,Invasive,4,17.60597316,33.88627986,0.519560519,33.3833,-118.4167,California3,34
St.Augustine_3,Invasive,4,10.0064957,19.21591851,0.520739911,31.61666667,65.71666667,Florida1,2
Mt.Wilson_4,Invasive,5,16.29902072,31.27263625,0.521191133,34.2238,-118.0616,California1,16
HungaryW65565,Native,1,11.35035364,21.74482649,0.521979499,47.333333,19.883333,MP-W65565,74
GILNS10_6,Native,2,15.44794907,29.57744539,0.522288144,37.708491,-8.099286,Portugal2,21
AustraliaPI197336,Invasive,5,15.64821034,29.95041944,0.522470491,-34.53333333,138.7333333,PI197336,46
St.Augustine_14,Invasive,1,23.49421158,44.82078079,0.524181221,31.61666667,65.71666667,Florida1,28
St.Augustine_3,Invasive,2,14.60168656,27.84587157,0.524375275,31.61666667,65.71666667,Florida1,2
AlgeriaW65435,Native,4,14.17147223,26.9803725,0.52525117,35.7,2.6,MP-W65435,66
AustraliaW65527,Invasive,2,12.87518315,24.45172579,0.526555191,-35.3,149.1333333,MP-W65527,51
AlgeriaW65435,Native,1,12.63456673,23.97017854,0.527095228,35.7,2.6,MP-W65435,59
ItalyW65256,Native,1,16.45971065,31.217278,0.52726284,43.8,11.283333,MP-W65256,32
Mt.Wilson_2,Invasive,5,17.58297254,33.33573075,0.527451241,34.2238,-118.0616,California1,81
SpainW65325,Native,4,20.58485457,39.02104206,0.527532159,36.533333,-6.3,MP-W65325,14
St.Augustine_14,Invasive,4,9.99551793,18.92553679,0.528149771,31.61666667,65.71666667,Florida1,31
IranPI227025,Native,3,19.63833079,37.18173199,0.52817149,32.63,48.26,MP-PI227025,61
TurkmenistanW62449,Native,5,10.52599353,19.90091541,0.528920068,37.444722,54.230556,MP-W624449,55
AustraliaW65527,Invasive,5,15.35061491,29.01377521,0.529080232,-35.3,149.1333333,MP-W65527,56
GILNS4_1,Native,3,9.71344814,18.32449171,0.530080086,37.708491,-8.099286,Portugal2,63
AustraliaPI197336,Invasive,3,16.05003923,30.26212788,0.530367174,-34.53333333,138.7333333,PI197336,42
AlgeriaW65435,Native,4,14.84392374,27.98570418,0.530410943,35.7,2.6,MP-W65435,8
Rivercrest_1,Invasive,3,19.86185395,37.41006429,0.530922743,27.98948333,-82.4658,Florida2,60
MaltaW65375,Native,5,12.89928199,24.2825158,0.531216868,35.866667,14.366667,MP-W65375,64
GILNS10_6,Native,2,12.71773474,23.91246886,0.531845324,37.708491,-8.099286,Portugal2,6
BrazilPI404356,Invasive,3,6.50273164,12.15867823,0.534822249,-29.35,-49.733333,MP-PI404356,38
ChilePI368940,Invasive,3,7.74151917,14.46939473,0.53502716,-31.7,-71.56,MP-PI368940,69
GILNS10_6,Native,1,18.16399725,33.93280364,0.535293147,37.708491,-8.099286,Portugal2,13
TurkmenistanW62449,Native,4,22.11987804,41.30232804,0.535560078,37.444722,54.230556,MP-W624449,11
TurkmenistanW62449,Native,2,14.51799601,27.08518164,0.536012503,37.444722,54.230556,MP-W624449,73
Rivercrest_1,Invasive,5,22.86854512,42.4953756,0.538141969,27.98948333,-82.4658,Florida2,60
SpainW65390,Native,1,17.12442591,31.76139721,0.539158457,28.15,-16.633333,MP-W65390,24
MaltaW65375,Native,3,18.16159268,33.63761278,0.539919191,35.866667,14.366667,MP-W65375,64
Mt.Wilson_4,Invasive,4,19.12228261,35.37263625,0.540595348,34.2238,-118.0616,California1,16
ItalyW65256,Native,3,15.65061491,28.94749233,0.540655292,43.8,11.283333,MP-W65256,32
NM58_12,Invasive,4,13.51104357,24.90577769,0.542486315,34.2238,-118.0616,California2,7
ChilePI368940,Invasive,4,12.6412579,23.28570418,0.542876342,-31.7,-71.56,MP-PI368940,70
GreeceW65319,Native,3,15.26211522,28.07342006,0.543650014,39.06666667,21.98333333,MP-W65319,54
MaltaW65375,Native,1,17.42683048,31.95899264,0.545287227,35.866667,14.366667,MP-W65375,48
St.Augustine_14,Invasive,1,17.29206828,31.70525515,0.545400698,31.61666667,65.71666667,Florida1,25
GreeceW65319,Native,4,10.25808989,18.78382215,0.546113023,39.06666667,21.98333333,MP-W65319,54
GILNS11_4,Native,5,14.63535054,26.71508156,0.547831026,37.708491,-8.099286,Portugal2,38
TurkmenistanW62449,Native,5,21.15223567,38.60739845,0.547880368,37.444722,54.230556,MP-W624449,11
CMS12_4,Native,4,14.25035364,25.9868024,0.548368877,38.7,-9.1833,Portugal1,62
CMS12_4,Native,2,18.58271127,33.87263625,0.548605403,38.7,-9.1833,Portugal1,12
AustraliaW65527,Invasive,1,14.5717335,26.55068071,0.548827115,-35.3,149.1333333,MP-W65527,55
MaltaW65375,Native,5,18.89395031,34.39297103,0.549354992,35.866667,14.366667,MP-W65375,77
Mt.Wilson_2,Invasive,4,16.19018625,29.42046638,0.550303521,34.2238,-118.0616,California1,77
SpainW65325,Native,2,22.97628137,41.75177893,0.550306645,36.533333,-6.3,MP-W65325,49
MaltaW65375,Native,4,13.22254388,23.99668195,0.551015507,35.866667,14.366667,MP-W65375,48
NM58_12,Invasive,4,16.08966371,29.19830271,0.551047911,34.2238,-118.0616,California2,6
St.Augustine_3,Invasive,1,22.83352165,41.4301378,0.551133133,31.61666667,65.71666667,Florida1,3
GILNS10_6,Native,2,11.71449322,21.222034,0.551996723,37.708491,-8.099286,Portugal2,39
CMNS4_8,Native,1,13.67361553,24.7498969,0.552471616,38.7,-9.1833,Portugal1,43
St.Augustine_14,Invasive,4,17.14794907,30.98810875,0.553371915,31.61666667,65.71666667,Florida1,27
Rivercrest_11,Invasive,4,9.62170693,17.35810255,0.554306377,27.98948333,-82.4658,Florida2,50
AlgeriaW65435,Native,4,15.35808989,27.69960906,0.554451504,35.7,2.6,MP-W65435,33
St.Augustine_14,Invasive,3,26.97283172,48.59699636,0.55503084,31.61666667,65.71666667,Florida1,80
Starlight,Invasive,5,17.45275821,31.43651456,0.555174721,33.3833,-118.4167,California3,33
NM58_13,Invasive,3,19.75944938,35.55392223,0.555760044,34.2238,-118.0616,California2,12
AfghanistanPI250782,Native,3,13.97842467,25.12208714,0.556419719,31.61666667,65.71666667,MP-PI250782,40
Mt.Wilson_4,Invasive,4,19.88725914,35.6563268,0.557748398,34.2238,-118.0616,California1,17
SpainW65325,Native,1,28.26906766,50.66354051,0.557976552,36.533333,-6.3,MP-W65325,49
UzbekistanW68297,Native,2,8.65301948,15.49506119,0.558437258,40.066667,68.416667,MP-W68297,69
St.Augustine_14,Invasive,3,21.70811646,38.83573075,0.558972782,31.61666667,65.71666667,Florida1,31
PeruPI308523,Invasive,2,7.00890027,12.51110937,0.560214132,-11.25,-74.41,MP-PI308523,74
Mt.Wilson_4,Invasive,2,13.59018625,24.24801487,0.560465932,34.2238,-118.0616,California1,16
GILNS4_1,Native,2,19.55704481,34.80499388,0.561903412,37.708491,-8.099286,Portugal2,81
GILNS10_6,Native,2,15.05516278,26.78732494,0.562025615,37.708491,-8.099286,Portugal2,23
CMS12_4,Native,3,21.92013931,38.99615941,0.562110209,38.7,-9.1833,Portugal1,17
GILNS11_4,Native,4,4.35620786,7.74477335,0.562470671,37.708491,-8.099286,Portugal2,35
TurkmenistanW62449,Native,3,19.59421158,34.77958869,0.563382499,37.444722,54.230556,MP-W624449,34
MaltaW65375,Native,2,20.57575883,36.47504082,0.564105163,35.866667,14.366667,MP-W65375,20
GILNS10_6,Native,3,15.61397068,27.66458559,0.56440284,37.708491,-8.099286,Portugal2,1
Mt.Wilson_4,Invasive,5,25.09635488,44.43709024,0.564761436,34.2238,-118.0616,California1,14
SpainW65390,Native,4,20.42949632,36.12637374,0.565500885,28.15,-16.633333,MP-W65390,10
St.Augustine_3,Invasive,2,21.66159268,38.24937436,0.566325412,31.61666667,65.71666667,Florida1,3
MaltaW65375,Native,5,20.78245,36.6953756,0.566350655,35.866667,14.366667,MP-W65375,20
GILNS13_6,Native,4,14.65782862,25.87017854,0.566591707,37.708491,-8.099286,Portugal2,22
GILNS13_6,Native,3,23.7803067,41.95606553,0.566790675,37.708491,-8.099286,Portugal2,29
St.Augustine_14,Invasive,2,20.17523629,35.55125639,0.567497139,31.61666667,65.71666667,Florida1,80
HungaryW65565,Native,4,20.21533017,35.54242192,0.568766254,47.333333,19.883333,MP-W65565,5
AustraliaPI197336,Invasive,2,16.29928199,28.64801487,0.568949788,-34.53333333,138.7333333,PI197336,43
GILNS11_4,Native,4,12.45808989,21.89479992,0.568997659,37.708491,-8.099286,Portugal2,9
TurkmenistanW62449,Native,4,14.17335426,24.89187281,0.569396862,37.444722,54.230556,MP-W624449,41
AustraliaPI197336,Invasive,3,14.18961057,24.90196049,0.569819014,-34.53333333,138.7333333,PI197336,45
St.Augustine_14,Invasive,5,14.55516278,25.54080116,0.569878865,31.61666667,65.71666667,Florida1,27
TurkmenistanW62449,Native,5,17.36211522,30.4541835,0.570106081,37.444722,54.230556,MP-W624449,34
GILNS10_6,Native,4,19.22923505,33.58439783,0.572564533,37.708491,-8.099286,Portugal2,13
GreeceW65319,Native,2,13.93430546,24.3108481,0.57317233,39.06666667,21.98333333,MP-W65319,70
GILNS10_6,Native,4,19.30142529,33.66354051,0.573362902,37.708491,-8.099286,Portugal2,21
AustraliaPI197336,Invasive,4,21.0043524,36.51189318,0.575274262,-34.53333333,138.7333333,PI197336,46
GILNS10_6,Native,3,26.00571189,45.20499388,0.575284048,37.708491,-8.099286,Portugal2,84
ChilePI368940,Invasive,3,10.3369713,17.96484686,0.575399912,-31.7,-71.56,MP-PI368940,70
MaltaW65375,Native,3,22.34716526,38.71597165,0.577207915,35.866667,14.366667,MP-W65375,77
GILNS11_4,Native,3,12.84951669,22.24743919,0.577572842,37.708491,-8.099286,Portugal2,35
IranPI227025,Native,5,17.42442591,30.14723106,0.577977655,32.63,48.26,MP-PI227025,61
GILNS13_6,Native,4,13.20194783,22.75146452,0.580268045,37.708491,-8.099286,Portugal2,56
St.Augustine_14,Invasive,4,19.57549756,33.67718412,0.581268834,31.61666667,65.71666667,Florida1,79
GILNS10_6,Native,3,22.72442591,39.091089,0.581319848,37.708491,-8.099286,Portugal2,13
ChilePI368940,Invasive,2,17.42949632,29.98199326,0.581332141,-31.7,-71.56,MP-PI368940,67
HungaryW65565,Native,3,16.16880639,27.71246886,0.583448789,47.333333,19.883333,MP-W65565,28
ChilePI368940,Invasive,4,12.61104357,21.61351394,0.583479558,-31.7,-71.56,MP-PI368940,69
AlgeriaW65435,Native,4,25.10811646,42.99992347,0.583910724,35.7,2.6,MP-W65435,19
NM58_12,Invasive,5,11.92709175,20.42423044,0.583967743,34.2238,-118.0616,California2,7
GILNS10_6,Native,1,19.92897378,34.12104206,0.584066974,37.708491,-8.099286,Portugal2,6
Starlight,Invasive,5,19.21961677,32.89563687,0.584260364,33.3833,-118.4167,California3,76
PeruPI308523,Invasive,2,17.97575883,30.68920697,0.585735527,-11.25,-74.41,MP-PI308523,75
AustraliaPI197336,Invasive,5,5.45808989,9.31832308,0.585737352,-34.53333333,138.7333333,PI197336,47
Rivercrest_1,Invasive,4,18.72683048,31.83066034,0.588326798,27.98948333,-82.4658,Florida2,60
ChilePI368940,Invasive,3,13.43535054,22.82658187,0.588583548,-31.7,-71.56,MP-PI368940,67
GILNS10_6,Native,1,17.70116402,30.0584701,0.58889105,37.708491,-8.099286,Portugal2,21
TurkmenistanW62449,Native,1,18.75223567,31.82663501,0.589199445,37.444722,54.230556,MP-W624449,41
Rivercrest_1,Invasive,4,18.87335426,32.02851704,0.589267191,27.98948333,-82.4658,Florida2,64
GreeceW65319,Native,1,15.5588737,26.38460596,0.589695132,39.06666667,21.98333333,MP-W65319,70
CMS12_4,Native,5,11.80247037,20.00039287,0.590111927,38.7,-9.1833,Portugal1,71
AfghanistanPI250782,Native,1,16.66399725,28.02208714,0.594673665,31.61666667,65.71666667,MP-PI250782,40
St.Augustine_14,Invasive,4,28.56587928,47.9953756,0.595179826,31.61666667,65.71666667,Florida1,80
CMS12_4,Native,4,20.02520972,33.64106243,0.595260918,38.7,-9.1833,Portugal1,57
ChilePI368950,Invasive,1,13.73163962,23.0520402,0.595680014,-31.61,-71.53,MP-PI368950,65
GILNS13_6,Native,2,11.26023319,18.89960906,0.595791858,37.708491,-8.099286,Portugal2,56
UzbekistanW68297,Native,2,15.10032707,25.31001115,0.596614793,40.066667,68.416667,MP-W68297,45
ChilePI368940,Invasive,1,22.17549756,37.16542254,0.596670132,-31.7,-71.56,MP-PI368940,68
NM58_35,Invasive,3,16.62683048,27.83332618,0.597371308,34.2238,-118.0616,California2,21
AustraliaPI197336,Invasive,2,14.84977796,24.83724523,0.597883454,-34.53333333,138.7333333,PI197336,44
MaltaW65375,Native,3,16.59421158,27.72611247,0.598504807,35.866667,14.366667,MP-W65375,20
St.Augustine_14,Invasive,2,16.43163962,27.42396917,0.59917073,31.61666667,65.71666667,Florida1,25
MaltaW65375,Native,1,21.27094969,35.49375484,0.599287108,35.866667,14.366667,MP-W65375,20
NM58_35,Invasive,3,14.45406456,24.10065414,0.599737438,34.2238,-118.0616,California2,22
UzbekistanW68297,Native,4,20.82228261,34.60070728,0.601787774,40.066667,68.416667,MP-W68297,72
GILNS10_6,Native,3,13.54204171,22.50117668,0.601837046,37.708491,-8.099286,Portugal2,36
St.Augustine_11,Invasive,5,20.81025976,34.53092161,0.602655788,31.61666667,65.71666667,Florida1,5
SpainW65390,Native,4,25.46425852,42.23332618,0.602942293,28.15,-16.633333,MP-W65390,67
GILNS10_6,Native,5,9.26823071,15.3567962,0.603526321,37.708491,-8.099286,Portugal2,36
GILNS4_1,Native,1,16.0455445,26.50311185,0.605421152,37.708491,-8.099286,Portugal2,81
SpainW65390,Native,1,19.02176007,31.41487343,0.605501726,28.15,-16.633333,MP-W65390,10
GILNS4_1,Native,5,21.82683048,35.99804144,0.606333834,37.708491,-8.099286,Portugal2,78
UzbekistanW68297,Native,3,23.70837773,39.0498969,0.607130354,40.066667,68.416667,MP-W68297,72
Rivercrest_1,Invasive,2,24.6172122,40.54404268,0.607172116,27.98948333,-82.4658,Florida2,61
ChilePI368959,Invasive,1,7.07413807,11.64665538,0.607396531,-31.625556,-71.524167,MP-PI368959,37
HungaryW65565,Native,5,10.22066185,16.82260968,0.607555073,47.333333,19.883333,MP-W65565,74
GILNS1_2,Native,3,21.72923505,35.7520402,0.607776086,37.708491,-8.099286,Portugal2,47
GreeceW65319,Native,1,18.96185395,31.1760859,0.608217915,39.06666667,21.98333333,MP-W65319,54
Mt.Wilson_4,Invasive,3,19.29902072,31.72825577,0.608259744,34.2238,-118.0616,California1,19
NM58_12,Invasive,3,22.68940244,37.26756584,0.608824374,34.2238,-118.0616,California2,6
GILNS10_6,Native,2,21.23352165,34.86327924,0.609051188,37.708491,-8.099286,Portugal2,1
IranPI227025,Native,2,20.39635488,33.47023168,0.60938792,32.63,48.26,MP-PI227025,68
BrazilPI404356,Invasive,5,13.4241115,21.93567761,0.611976149,-29.35,-49.733333,MP-PI404356,41
AlgeriaW65435,Native,3,21.38187432,34.74932122,0.615317755,35.7,2.6,MP-W65435,33
GILNS13_6,Native,1,11.17466061,18.14932122,0.615706807,37.708491,-8.099286,Portugal2,22
GILNS10_6,Native,1,17.85835116,29.00305871,0.615740269,37.708491,-8.099286,Portugal2,39
SpainW65390,Native,3,17.30356859,28.0782292,0.616262816,28.15,-16.633333,MP-W65390,10
BrazilPI404356,Invasive,2,12.67492188,20.56641448,0.616292251,-29.35,-49.733333,MP-PI404356,38
CMS12_4,Native,2,22.69635488,36.7279945,0.617957914,38.7,-9.1833,Portugal1,7
Mt.Wilson_4,Invasive,3,19.66854512,31.81220759,0.618270363,34.2238,-118.0616,California1,16
Mt.Wilson_4,Invasive,4,21.42202134,34.6258512,0.618671328,34.2238,-118.0616,California1,15
GILNS10_6,Native,1,28.19154574,45.52773323,0.619216986,37.708491,-8.099286,Portugal2,23
Mt.Wilson_2,Invasive,4,14.90168656,24.06218102,0.61929908,34.2238,-118.0616,California1,81
St.Augustine_14,Invasive,4,19.42656921,31.36327924,0.619404912,31.61666667,65.71666667,Florida1,25
GILNS10_6,Native,5,20.53833079,33.12130333,0.620094281,37.708491,-8.099286,Portugal2,23
GILNS13_6,Native,3,13.67628137,22.05334655,0.620145398,37.708491,-8.099286,Portugal2,56
AlgeriaW65435,Native,3,12.52892064,20.19851084,0.620289324,35.7,2.6,MP-W65435,59
TurkmenistanW62449,Native,2,22.69395031,36.54670852,0.620957433,37.444722,54.230556,MP-W624449,11
Mt.Wilson_2,Invasive,2,18.08056797,28.99427738,0.623590915,34.2238,-118.0616,California1,77
SpainW65390,Native,1,24.23644876,38.84508776,0.623925705,28.15,-16.633333,MP-W65390,67
NM58_12,Invasive,3,14.79687742,23.70096855,0.624315305,34.2238,-118.0616,California2,7
NM58_12,Invasive,1,17.69180701,28.32877831,0.624517119,34.2238,-118.0616,California2,8
St.Augustine_14,Invasive,2,21.32683048,34.14723106,0.624555193,31.61666667,65.71666667,Florida1,31
MaltaW65375,Native,4,18.9150689,30.24482649,0.625398493,35.866667,14.366667,MP-W65375,20
St.Augustine_14,Invasive,2,17.49954326,27.94613284,0.626188366,31.61666667,65.71666667,Florida1,26
St.Augustine_14,Invasive,4,27.93326038,44.60447134,0.626243503,31.61666667,65.71666667,Florida1,23
AustraliaPI197336,Invasive,4,18.85568532,30.0979883,0.626476598,-34.53333333,138.7333333,PI197336,45
GILNS10_6,Native,5,21.46159268,34.17237498,0.628039248,37.708491,-8.099286,Portugal2,6
GILNS10_6,Native,4,10.22385023,16.27336692,0.628256604,37.708491,-8.099286,Portugal2,36
SpainW65325,Native,1,22.58245,35.87692285,0.629442221,36.533333,-6.3,MP-W65325,14
ChilePI368940,Invasive,4,16.22520972,25.70175236,0.631288073,-31.7,-71.56,MP-PI368940,71
GILNS10_6,Native,4,22.60999849,35.81194632,0.631353523,37.708491,-8.099286,Portugal2,84
TurkmenistanW62449,Native,5,16.1434012,25.56887219,0.63136931,37.444722,54.230556,MP-W624449,15
AlgeriaW65435,Native,2,20.39739996,32.21377521,0.633188747,35.7,2.6,MP-W65435,33
NM58_13,Invasive,1,19.85464024,31.33118288,0.633702223,34.2238,-118.0616,California2,12
GILNS4_1,Native,5,18.72228261,29.47315879,0.635231627,37.708491,-8.099286,Portugal2,18
NM58_35,Invasive,2,32.92176007,51.77451828,0.635868013,34.2238,-118.0616,California2,22
HungaryW65565,Native,2,28.25678354,44.43039907,0.635978612,47.333333,19.883333,MP-W65565,28
IranPI227025,Native,1,22.31961677,35.08387529,0.636178774,32.63,48.26,MP-PI227025,61
AlgeriaW65435,Native,3,26.77361553,42.0520402,0.636678159,35.7,2.6,MP-W65435,75
GILNS10_6,Native,1,26.50571189,41.60739845,0.637043239,37.708491,-8.099286,Portugal2,1
St.Augustine_14,Invasive,5,24.57283172,38.54885182,0.637446527,31.61666667,65.71666667,Florida1,25
AlgeriaW65435,Native,5,26.05971065,40.83651456,0.638147279,35.7,2.6,MP-W65435,66
GILNS10_6,Native,5,21.76049446,34.07258311,0.638651152,37.708491,-8.099286,Portugal2,39
AustraliaW65527,Invasive,3,21.6434012,33.88784748,0.638677367,-35.3,149.1333333,MP-W65527,57
Mt.Wilson_4,Invasive,2,19.58511584,30.65684934,0.638849597,34.2238,-118.0616,California1,17
TurkmenistanW62449,Native,4,12.1434012,19.00792099,0.638860042,37.444722,54.230556,MP-W624449,73
Mt.Wilson_2,Invasive,4,20.27549756,31.73520821,0.638895999,34.2238,-118.0616,California1,82
AfghanistanPI250782,Native,1,22.9172122,35.85873137,0.639097127,31.61666667,65.71666667,MP-PI250782,60
AlgeriaW65435,Native,1,18.63163962,29.12182587,0.639782674,35.7,2.6,MP-W65435,75
St.Augustine_14,Invasive,5,20.65354202,32.2675127,0.640072329,31.61666667,65.71666667,Florida1,30
NM58_12,Invasive,1,16.44099663,25.6825158,0.64016301,34.2238,-118.0616,California2,7
SpainW65390,Native,3,18.18589965,28.38570418,0.640671076,28.15,-16.633333,MP-W65390,52
St.Augustine_14,Invasive,3,22.28940244,34.74482649,0.641517161,31.61666667,65.71666667,Florida1,79
TurkmenistanW62449,Native,3,24.08914117,37.49297103,0.642497527,37.444722,54.230556,MP-W624449,11
UzbekistanW68297,Native,3,20.03859206,31.12956212,0.643715835,40.066667,68.416667,MP-W68297,53
AfghanistanPI250782,Native,2,12.93671003,20.0782292,0.644315288,31.61666667,65.71666667,MP-PI250782,40
TurkmenistanW62449,Native,5,8.04899415,12.4675127,0.645597429,37.444722,54.230556,MP-W624449,2
Mt.Wilson_4,Invasive,5,21.62897378,33.46568381,0.646303058,34.2238,-118.0616,California1,17
St.Augustine_14,Invasive,3,26.87978416,41.5606134,0.646761007,31.61666667,65.71666667,Florida1,23
St.Augustine_14,Invasive,2,17.68056797,27.25094198,0.648805754,31.61666667,65.71666667,Florida1,24
AfghanistanPI250782,Native,2,19.47335426,29.97289752,0.649698757,31.61666667,65.71666667,MP-PI250782,60
CMS12_4,Native,3,14.36849198,22.10546328,0.649997324,38.7,-9.1833,Portugal1,37
St.Augustine_14,Invasive,5,22.90330732,35.15606553,0.651475271,31.61666667,65.71666667,Florida1,79
TurkmenistanW62449,Native,3,14.00382986,21.49427738,0.651514336,37.444722,54.230556,MP-W624449,73
CMS12_4,Native,3,25.65087618,39.36913346,0.651547899,38.7,-9.1833,Portugal1,71
TurkmenistanW62449,Native,1,13.408639,20.56887219,0.65188985,37.444722,54.230556,MP-W624449,2
IranPI227025,Native,3,10.61130484,16.23222796,0.653718323,32.63,48.26,MP-PI227025,68
AlgeriaW65435,Native,5,24.7455445,37.8520402,0.653744009,35.7,2.6,MP-W65435,75
GILNS10_6,Native,5,18.20382986,27.82663501,0.654187251,37.708491,-8.099286,Portugal2,13
GILNS1_2,Native,1,21.07575883,32.19401611,0.654648328,37.708491,-8.099286,Portugal2,47
TurkmenistanW62449,Native,1,26.79609361,40.92104206,0.654824322,37.444722,54.230556,MP-W624449,15
St.Augustine_14,Invasive,3,24.54313993,37.47796793,0.654868481,31.61666667,65.71666667,Florida1,24
NM58_13,Invasive,5,14.66666309,22.37796793,0.655406386,34.2238,-118.0616,California2,12
ChilePI368950,Invasive,3,21.67309299,33.0541835,0.65568381,-31.61,-71.53,MP-PI368950,83
AlgeriaW65435,Native,3,15.7129256,23.95230147,0.656009011,35.7,2.6,MP-W65435,8
Rivercrest_1,Invasive,4,19.98511584,30.46139721,0.656080077,27.98948333,-82.4658,Florida2,61
AustraliaPI197336,Invasive,5,19.40461367,29.49662881,0.657858693,-34.53333333,138.7333333,PI197336,44
St.Augustine_3,Invasive,3,11.45997192,17.35282401,0.660409621,31.61666667,65.71666667,Florida1,4
St.Augustine_14,Invasive,1,21.16185395,32.03839659,0.660515388,31.61666667,65.71666667,Florida1,79
St.Augustine_14,Invasive,3,25.74021282,38.90473261,0.661621636,31.61666667,65.71666667,Florida1,25
Mt.Wilson_2,Invasive,2,19.40116402,29.31246886,0.661874103,34.2238,-118.0616,California1,82
ChilePI368950,Invasive,2,13.08056797,19.72903958,0.663010884,-31.61,-71.53,MP-PI368950,83
AustraliaPI197336,Invasive,5,19.36237649,29.20201363,0.663049361,-34.53333333,138.7333333,PI197336,43
NM58_12,Invasive,2,17.95568532,27.0675127,0.663366654,34.2238,-118.0616,California2,8
Starlight,Invasive,1,16.89180701,25.46354051,0.663372283,33.3833,-118.4167,California3,34
GILNS13_6,Native,4,22.41480763,33.77023168,0.663744562,37.708491,-8.099286,Portugal2,29
GILNS10_6,Native,5,25.07309299,37.77023168,0.663832121,37.708491,-8.099286,Portugal2,21
AustraliaPI197336,Invasive,2,24.15756735,36.37875174,0.664057072,-34.53333333,138.7333333,PI197336,42
St.Augustine_3,Invasive,4,24.99206828,37.63118288,0.664131881,31.61666667,65.71666667,Florida1,3
Mt.Wilson_4,Invasive,1,21.58004543,32.36087467,0.666856062,34.2238,-118.0616,California1,17
AustraliaW65527,Invasive,2,18.19206828,27.22689628,0.668165335,-35.3,149.1333333,MP-W65527,54
Mt.Wilson_4,Invasive,4,20.48725914,30.61006429,0.669298141,34.2238,-118.0616,California1,18
ChilePI368959,Invasive,4,21.58642219,32.21267699,0.670121958,-31.625556,-71.524167,MP-PI368959,37
St.Augustine_14,Invasive,2,23.66399725,35.29668195,0.670431212,31.61666667,65.71666667,Florida1,27
UzbekistanW68297,Native,1,14.58051483,21.69286475,0.672134132,40.066667,68.416667,MP-W68297,50
Mt.Wilson_2,Invasive,5,21.92202134,32.60792099,0.672291292,34.2238,-118.0616,California1,82
St.Augustine_3,Invasive,3,22.88992498,34.03358745,0.67256868,31.61666667,65.71666667,Florida1,3
St.Augustine_14,Invasive,5,22.67413807,33.57686971,0.675290409,31.61666667,65.71666667,Florida1,26
AlgeriaW65435,Native,5,24.92949632,36.91591851,0.675304782,35.7,2.6,MP-W65435,31
GILNS4_1,Native,1,17.86159268,26.44963563,0.675305813,37.708491,-8.099286,Portugal2,18
TurkmenistanW62449,Native,2,19.79154574,29.23813532,0.676908617,37.444722,54.230556,MP-W624449,41
GreeceW65319,Native,1,20.50409113,30.22501425,0.678381521,39.06666667,21.98333333,MP-W65319,26
PeruPI308523,Invasive,5,14.26237649,20.98329961,0.679701322,-11.25,-74.41,MP-PI308523,73
Mt.Wilson_4,Invasive,3,20.83618749,30.65444477,0.679711789,34.2238,-118.0616,California1,15
CMS12_4,Native,4,17.41747347,25.61461216,0.679981932,38.7,-9.1833,Portugal1,12
TurkmenistanW62449,Native,3,22.79259082,33.51377521,0.68009619,37.444722,54.230556,MP-W624449,55
Mt.Wilson_4,Invasive,5,17.04313993,25.03787405,0.680694371,34.2238,-118.0616,California1,19
HungaryW65565,Native,4,30.00571189,44.0584701,0.681042983,47.333333,19.883333,MP-W65565,83
ItalyW65256,Native,4,19.10142529,28.03787405,0.681272241,43.8,11.283333,MP-W65256,32
AustraliaPI197336,Invasive,3,24.81585271,36.24587157,0.684653221,-34.53333333,138.7333333,PI197336,43
NM58_13,Invasive,5,11.14366247,16.21110937,0.687408999,34.2238,-118.0616,California2,9
GILNS10_6,Native,3,15.07868594,21.92794136,0.68764713,37.708491,-8.099286,Portugal2,39
AustraliaPI197336,Invasive,2,23.47868594,34.13463253,0.687825947,-34.53333333,138.7333333,PI197336,46
AustraliaPI197336,Invasive,1,23.52040058,34.17686971,0.688196455,-34.53333333,138.7333333,PI197336,45
GILNS10_6,Native,2,22.47790213,32.62396917,0.688999613,37.708491,-8.099286,Portugal2,84
GILNS11_4,Native,2,3.73535054,5.39824957,0.691955882,37.708491,-8.099286,Portugal2,35
MaltaW65375,Native,1,24.00785519,34.66301797,0.692607182,35.866667,14.366667,MP-W65375,64
MaltaW65375,Native,1,22.58699787,32.5889457,0.693087714,35.866667,14.366667,MP-W65375,77
AlgeriaW65435,Native,1,19.52202134,28.15684934,0.693331172,35.7,2.6,MP-W65435,31
GreeceW65319,Native,5,26.10142529,37.60389566,0.694114927,39.06666667,21.98333333,MP-W65319,70
St.Augustine_3,Invasive,5,20.16640182,29.01058683,0.695139396,31.61666667,65.71666667,Florida1,3
MaltaW65375,Native,2,16.27121096,23.34534903,0.696978698,35.866667,14.366667,MP-W65375,64
SpainW65390,Native,5,22.96802258,32.93520821,0.697369892,28.15,-16.633333,MP-W65390,67
CMS12_4,Native,3,22.45484837,32.15622052,0.698304963,38.7,-9.1833,Portugal1,62
SpainW65325,Native,2,23.91240306,34.20018474,0.699189295,36.533333,-6.3,MP-W65325,14
GILNS13_6,Native,2,23.58245,33.67744539,0.700244621,37.708491,-8.099286,Portugal2,29
HungaryW65565,Native,5,30.75678354,43.84001735,0.70156869,47.333333,19.883333,MP-W65565,83
SpainW65390,Native,2,22.79875945,32.40551642,0.70354563,28.15,-16.633333,MP-W65390,52
AlgeriaW65435,Native,1,17.26237649,24.49720449,0.7046672,35.7,2.6,MP-W65435,66
St.Augustine_14,Invasive,5,24.85652227,35.13039907,0.707550239,31.61666667,65.71666667,Florida1,29
Starlight,Invasive,1,21.64392374,30.56484686,0.708131267,33.3833,-118.4167,California3,33
SpainW65325,Native,4,31.82923505,44.94508776,0.708180507,36.533333,-6.3,MP-W65325,49
St.Augustine_14,Invasive,1,35.99609361,50.67666158,0.710309095,31.61666667,65.71666667,Florida1,78
UzbekistanW68297,Native,2,20.45971065,28.78784748,0.710706511,40.066667,68.416667,MP-W68297,53
MaltaW65375,Native,3,22.92416464,32.25470604,0.710723099,35.866667,14.366667,MP-W65375,48
ChilePI368950,Invasive,3,18.76478106,26.40039287,0.710776584,-31.61,-71.53,MP-PI368950,66
AustraliaPI197336,Invasive,4,14.64847161,20.59051332,0.711418476,-34.53333333,138.7333333,PI197336,43
SpainW65390,Native,4,15.78245,22.16139721,0.71215952,28.15,-16.633333,MP-W65390,24
GILNS10_6,Native,5,24.63561181,34.52710441,0.713515142,37.708491,-8.099286,Portugal2,42
SpainW65390,Native,5,23.23080267,32.43515507,0.716222957,28.15,-16.633333,MP-W65390,10
ChilePI368940,Invasive,5,14.44099663,20.16165848,0.716260353,-31.7,-71.56,MP-PI368940,69
IranPI227025,Native,4,22.34502196,31.13761278,0.71762155,32.63,48.26,MP-PI227025,68
AustraliaW65527,Invasive,1,17.7043524,24.59239535,0.71991167,-35.3,149.1333333,MP-W65527,57
TurkmenistanW62449,Native,2,22.86399725,31.73092161,0.720558877,37.444722,54.230556,MP-W624449,34
AlgeriaW65435,Native,4,11.38778168,15.73112974,0.723901072,35.7,2.6,MP-W65435,59
CMS12_4,Native,2,17.24099663,23.81539597,0.723943312,38.7,-9.1833,Portugal1,62
HungaryW65565,Native,5,21.67764086,29.93546948,0.724145679,47.333333,19.883333,MP-W65565,28
AustraliaW65527,Invasive,2,14.90194783,20.52098892,0.726180784,-35.3,149.1333333,MP-W65527,58
UzbekistanW68297,Native,1,17.78056797,24.41325267,0.728316223,40.066667,68.416667,MP-W68297,69
GreeceW65319,Native,3,23.42092312,32.15627366,0.728346927,39.06666667,21.98333333,MP-W65319,26
GILNS1_2,Native,2,17.88271127,24.52449171,0.729177652,37.708491,-8.099286,Portugal2,47
NM58_13,Invasive,2,15.48992498,21.22982339,0.729630421,34.2238,-118.0616,California2,9
UzbekistanW68297,Native,5,25.20409113,34.30682277,0.734667016,40.066667,68.416667,MP-W68297,45
Starlight,Invasive,3,23.88485457,32.43787405,0.736326139,33.3833,-118.4167,California3,76
St.Augustine_14,Invasive,2,25.98914117,35.23787405,0.737534311,31.61666667,65.71666667,Florida1,79
IranPI227025,Native,5,26.33111708,35.67958869,0.737988246,32.63,48.26,MP-PI227025,68
HungaryW65565,Native,1,16.97842467,22.96218102,0.739408188,47.333333,19.883333,MP-W65565,5
GILNS4_1,Native,1,18.7150689,25.30765972,0.739502155,37.708491,-8.099286,Portugal2,63
GILNS11_4,Native,2,19.17094969,25.72208714,0.745310813,37.708491,-8.099286,Portugal2,76
TurkmenistanW62449,Native,1,21.78725914,29.09882525,0.748733289,37.444722,54.230556,MP-W624449,11
ChilePI368959,Invasive,5,18.4781634,24.61591851,0.750659107,-31.625556,-71.524167,MP-PI368959,35
CMS12_4,Native,1,13.17361553,17.54801487,0.750718279,38.7,-9.1833,Portugal1,71
St.Augustine_14,Invasive,1,18.64794907,24.82287095,0.751240624,31.61666667,65.71666667,Florida1,27
ChilePI368959,Invasive,1,8.2957792,11.02658187,0.752343682,-31.625556,-71.524167,MP-PI368959,35
GILNS10_6,Native,5,20.42547099,27.14398954,0.752485959,37.708491,-8.099286,Portugal2,1
GILNS4_1,Native,5,15.1738768,20.15308528,0.75293071,37.708491,-8.099286,Portugal2,4
AustraliaPI197336,Invasive,3,29.1150689,38.63865786,0.753521745,-34.53333333,138.7333333,PI197336,46
UzbekistanW68297,Native,1,19.39473412,25.63755964,0.756496889,40.066667,68.416667,MP-W68297,53
AustraliaPI197336,Invasive,1,26.38725914,34.8391804,0.757401834,-34.53333333,138.7333333,PI197336,46
BrazilPI404356,Invasive,1,21.44178044,28.27043981,0.758452312,-29.35,-49.733333,MP-PI404356,38
SpainW65325,Native,5,25.85464024,33.92956212,0.762009252,36.533333,-6.3,MP-W65325,49
St.Augustine_14,Invasive,4,27.46587928,35.99349357,0.763079006,31.61666667,65.71666667,Florida1,78
PeruPI308523,Invasive,3,17.21747347,22.51753927,0.764625,-11.25,-74.41,MP-PI308523,74
MaltaW65375,Native,2,20.90142529,27.31780054,0.765121089,35.866667,14.366667,MP-W65375,48
AlgeriaW65435,Native,2,19.39635488,25.33573075,0.765573137,35.7,2.6,MP-W65435,19
MaltaW65375,Native,5,16.49232955,21.51994384,0.766374191,35.866667,14.366667,MP-W65375,48
SpainW65390,Native,1,30.16159268,39.24320573,0.768581264,28.15,-16.633333,MP-W65390,52
PeruPI308523,Invasive,4,7.05542405,9.15763315,0.770441874,-11.25,-74.41,MP-PI308523,74
St.Augustine_14,Invasive,1,24.07764086,31.22851704,0.771014545,31.61666667,65.71666667,Florida1,80
Mt.Wilson_2,Invasive,3,16.30382986,21.12689628,0.771709656,34.2238,-118.0616,California1,82
St.Augustine_14,Invasive,3,24.59018625,31.82072765,0.772772594,31.61666667,65.71666667,Florida1,30
AustraliaPI197336,Invasive,1,16.83963714,21.77686971,0.773280888,-34.53333333,138.7333333,PI197336,44
SpainW65390,Native,4,29.92176007,37.98199326,0.787788041,28.15,-16.633333,MP-W65390,52
TurkmenistanW62449,Native,2,26.6717335,33.76725143,0.78986984,37.444722,54.230556,MP-W624449,55
ChilePI368959,Invasive,2,15.134828,19.1327505,0.791042982,-31.625556,-71.524167,MP-PI368959,36
Mt.Wilson_2,Invasive,3,21.73352165,27.37770666,0.793840109,34.2238,-118.0616,California1,81
AustraliaW65527,Invasive,2,27.47790213,34.59908652,0.794179988,-35.3,149.1333333,MP-W65527,57
CMS12_4,Native,2,38.09661615,47.74294446,0.797952799,38.7,-9.1833,Portugal1,71
St.Augustine_11,Invasive,3,27.91961677,34.97770666,0.798211759,31.61666667,65.71666667,Florida1,5
AlgeriaW65435,Native,5,12.98642219,16.25627366,0.798856027,35.7,2.6,MP-W65435,59
St.Augustine_3,Invasive,3,14.47842467,18.08303834,0.800663273,31.61666667,65.71666667,Florida1,2
SpainW65390,Native,5,31.23592622,38.94027862,0.802149531,28.15,-16.633333,MP-W65390,52
SpainW65390,Native,2,31.60090275,39.16568381,0.806851807,28.15,-16.633333,MP-W65390,10
ChilePI368950,Invasive,5,8.30890027,10.29265662,0.807264886,-31.61,-71.53,MP-PI368950,65
GILNS13_6,Native,1,13.60916154,16.82125019,0.809045784,37.708491,-8.099286,Portugal2,56
ChilePI368950,Invasive,2,24.66023319,30.47901301,0.809088968,-31.61,-71.53,MP-PI368950,66
SpainW65325,Native,3,34.80142529,42.65522858,0.815877126,36.533333,-6.3,MP-W65325,49
CMS12_4,Native,2,30.79473412,37.70577769,0.816711284,38.7,-9.1833,Portugal1,37
PeruPI308523,Invasive,1,22.3803067,27.2782292,0.820445731,-11.25,-74.41,MP-PI308523,72
St.Augustine_14,Invasive,3,27.78004543,33.59615941,0.826881582,31.61666667,65.71666667,Florida1,78
AustraliaW65527,Invasive,1,11.80890027,14.17446514,0.83311082,-35.3,149.1333333,MP-W65527,58
GILNS4_1,Native,2,16.03404419,19.18732494,0.835658136,37.708491,-8.099286,Portugal2,63
AfghanistanPI250782,Native,4,24.56399725,29.39401611,0.8356802,31.61666667,65.71666667,MP-PI250782,40
Mt.Wilson_4,Invasive,2,25.37549756,30.26458559,0.838455147,34.2238,-118.0616,California1,13
IranPI227025,Native,4,35.46478106,42.2717993,0.838970227,32.63,48.26,MP-PI227025,44
AustraliaW65527,Invasive,5,12.87894721,15.21617978,0.846398202,-35.3,149.1333333,MP-W65527,51
Starlight,Invasive,1,17.70142529,20.89453865,0.847179523,33.3833,-118.4167,California3,76
GILNS10_6,Native,4,16.90194783,19.68570418,0.858589953,37.708491,-8.099286,Portugal2,1
Mt.Wilson_2,Invasive,1,17.16854512,19.93625329,0.8611721,34.2238,-118.0616,California1,82
CMS12_4,Native,5,15.05380329,17.12151146,0.879233316,38.7,-9.1833,Portugal1,37
UzbekistanW68297,Native,2,20.13184775,22.88188698,0.87981589,40.066667,68.416667,MP-W68297,50
HungaryW65565,Native,2,27.55009237,31.15737188,0.884223884,47.333333,19.883333,MP-W65565,5
ChilePI368950,Invasive,2,20.91266433,23.61273013,0.885652113,-31.61,-71.53,MP-PI368950,65
AustraliaW65527,Invasive,5,13.84873288,15.42527552,0.897794847,-35.3,149.1333333,MP-W65527,58
AustraliaW65527,Invasive,3,18.90675697,20.70279744,0.913246484,-35.3,149.1333333,MP-W65527,51
St.Augustine_14,Invasive,4,21.934828,23.81241572,0.921150893,31.61666667,65.71666667,Florida1,26
ChilePI368950,Invasive,4,20.5476878,22.01994384,0.933139882,-31.61,-71.53,MP-PI368950,65
AustraliaPI197336,Invasive,3,26.4781634,28.18837002,0.939329354,-34.53333333,138.7333333,PI197336,44
ChilePI368950,Invasive,3,22.66159268,23.98492037,0.94482668,-31.61,-71.53,MP-PI368950,65
AustraliaW65527,Invasive,1,13.62787556,14.08674926,0.967425153,-35.3,149.1333333,MP-W65527,51
GILNS11_4,Native,1,19.83671003,20.11189318,0.986317392,37.708491,-8.099286,Portugal2,9
UzbekistanW68297,Native,5,26.47361553,26.49720449,0.999109757,40.066667,68.416667,MP-W68297,53
GILNS10_6,Native,4,21.93216216,21.84263005,1.004098962,37.708491,-8.099286,Portugal2,39
GILNS10_6,Native,1,5.52118439,5.47739225,1.007995071,37.708491,-8.099286,Portugal2,36
UzbekistanW68297,Native,5,29.78265813,29.08110317,1.024124083,40.066667,68.416667,MP-W68297,50
AustraliaW65527,Invasive,4,18.20142529,17.68329961,1.029300283,-35.3,149.1333333,MP-W65527,51
PeruPI308523,Invasive,1,11.31851855,10.38863129,1.089510084,-11.25,-74.41,MP-PI308523,73
St.Augustine_3,Invasive,4,6.434828,5.74665538,1.119751851,31.61666667,65.71666667,Florida1,4
AustraliaW65527,Invasive,4,21.27680391,18.63834345,1.141560889,-35.3,149.1333333,MP-W65527,55
GILNS11_4,Native,3,11.62092312,9.88863129,1.175180142,37.708491,-8.099286,Portugal2,9
AlgeriaW65435,Native,2,20.39285209,16.18246266,1.260182243,35.7,2.6,MP-W65435,59
St.Augustine_14,Invasive,4,13.31130484,7.24503462,1.837300377,31.61666667,65.71666667,Florida1,30
AustraliaW65527,Invasive,3,11.22787556,5.0632261,2.217533908,-35.3,149.1333333,MP-W65527,58
UzbekistanW68297,Native,3,17.04094349,6.08188698,2.801917159,40.066667,68.416667,MP-W68297,50
GILNS4_1,Native,4,10.66211522,2.46510813,4.325211982,37.708491,-8.099286,Portugal2,58
HungaryW65565,Native,1,5.6283981,1.2241773,4.597698471,47.333333,19.883333,MP-W65565,83